Workbook
Name AL: 'MRR Cohort'!$C$2

Sheet Dashboard
A1: SaaS COHORT ANALYSIS — DASHBOARD
A3: KEY ASSUMPTIONS
A4: Starting MRR per Customer | B4: 100
A5: Monthly Churn Rate | B5: 0.07
A6: Monthly Expansion Rate | B6: 0.025
A7: Net Revenue Retention (Monthly) | B7: =1-B5+B6 -> 0.955
A8: Net Revenue Retention (Annual) | B8: =(1-B5+B6)^12 -> 0.57549355
A9: Total Cohorts | B9: 36
A10: Total Customers (Target) | B10: 50
A11: Model Start Date | B11: 44927
A13: COHORT VIEW SELECTOR | D13: Views List
A14: Select View: | B14: Retention % | D14: Retention %
D15: MRR ($)
A16: KEY PERFORMANCE INDICATORS | D16: Churned Customers
A17: Total Active Customers | B17: Total MRR (Month 36) | C17: Avg MRR / Customer | D17: Cumulative Revenue | E17: Avg Customer LTV | F17: Net Revenue Retention | G17: Total Churned
A18: ='MRR Waterfall'!G37 -> 16.680033 | B18: ='MRR Waterfall'!B38 -> 2378.19 | C18: =IF(A18>0,B18/A18,0) -> 142.57706 | D18: =SUM('MRR Waterfall'!B3:B38) -> 62918.824 | E18: =IF(Dashboard!B10>0,D18/Dashboard!B10,0) -> 1258.3765 | F18: =Dashboard!B8 -> 0.57549355 | G18: =Dashboard!B10-A18 -> 33.319967
A20: HOW TO USE THIS MODEL
A21: 1. Adjust blue assumptions above (MRR, churn rate, expansion rate) to model different scenarios
A22: 2. Use the dropdown in B14 to switch between 5 cohort views in the 'Cohort Analysis' tab
A23: 3. Available views: Retention %, MRR ($), Churned Customers, Cumulative Revenue ($), LTV per Customer ($)
A24: 4. The 'MRR Waterfall' tab shows monthly MRR breakdown with charts
A25: 5. All values update dynamically — change any assumption and the entire model recalculates
A26: 6. Conditional formatting heatmap on cohort data adjusts to each view automatically
A28: RETENTION CURVE
A29: Month | B29: Retention %
A30: Month 0 | B30: =(1-B5)^0 -> 1
A31: Month 1 | B31: =(1-B5)^1 -> 0.93
A32: Month 2 | B32: =(1-B5)^2 -> 0.8649
A33: Month 3 | B33: =(1-B5)^3 -> 0.804357
A34: Month 4 | B34: =(1-B5)^4 -> 0.74805201
A35: Month 5 | B35: =(1-B5)^5 -> 0.69568837
A36: Month 6 | B36: =(1-B5)^6 -> 0.64699018
A37: Month 7 | B37: =(1-B5)^7 -> 0.60170087
A38: Month 8 | B38: =(1-B5)^8 -> 0.55958181
A39: Month 9 | B39: =(1-B5)^9 -> 0.52041108
A40: Month 10 | B40: =(1-B5)^10 -> 0.48398231
A41: Month 11 | B41: =(1-B5)^11 -> 0.45010355
A42: Month 12 | B42: =(1-B5)^12 -> 0.4185963
A43: Month 13 | B43: =(1-B5)^13 -> 0.38929456
A44: Month 14 | B44: =(1-B5)^14 -> 0.36204394
A45: Month 15 | B45: =(1-B5)^15 -> 0.33670086
A46: Month 16 | B46: =(1-B5)^16 -> 0.3131318
A47: Month 17 | B47: =(1-B5)^17 -> 0.29121258
A48: Month 18 | B48: =(1-B5)^18 -> 0.2708277
A49: Month 19 | B49: =(1-B5)^19 -> 0.25186976
A50: Month 20 | B50: =(1-B5)^20 -> 0.23423887
A51: Month 21 | B51: =(1-B5)^21 -> 0.21784215
A52: Month 22 | B52: =(1-B5)^22 -> 0.2025932
A53: Month 23 | B53: =(1-B5)^23 -> 0.18841168
A54: Month 24 | B54: =(1-B5)^24 -> 0.17522286
A55: Month 25 | B55: =(1-B5)^25 -> 0.16295726
A56: Month 26 | B56: =(1-B5)^26 -> 0.15155025
A57: Month 27 | B57: =(1-B5)^27 -> 0.14094173
A58: Month 28 | B58: =(1-B5)^28 -> 0.13107581
A59: Month 29 | B59: =(1-B5)^29 -> 0.12190051
A60: Month 30 | B60: =(1-B5)^30 -> 0.11336747
A61: Month 31 | B61: =(1-B5)^31 -> 0.10543175
A62: Month 32 | B62: =(1-B5)^32 -> 0.098051525
A63: Month 33 | B63: =(1-B5)^33 -> 0.091187918
A64: Month 34 | B64: =(1-B5)^34 -> 0.084804764
A65: Month 35 | B65: =(1-B5)^35 -> 0.078868431

Sheet Cohort Analysis
A1: Cohort | B1: New Customers | C1: Month 0 | D1: Month 1 | E1: Month 2 | F1: Month 3 | G1: Month 4 | H1: Month 5 | I1: Month 6 | J1: Month 7 | K1: Month 8 | L1: Month 9 | M1: Month 10 | N1: Month 11 | O1: Month 12 | P1: Month 13 | Q1: Month 14 | R1: Month 15 | S1: Month 16 | T1: Month 17 | U1: Month 18 | V1: Month 19 | W1: Month 20 | X1: Month 21 | Y1: Month 22 | Z1: Month 23 | AA1: Month 24 | AB1: Month 25 | AC1: Month 26 | AD1: Month 27 | AE1: Month 28 | AF1: Month 29 | AG1: Month 30 | AH1: Month 31 | AI1: Month 32 | AJ1: Month 33 | AK1: Month 34 | AL1: Month 35
C2: 0 | D2: 1 | E2: 2 | F2: 3 | G2: 4 | H2: 5 | I2: 6 | J2: 7 | K2: 8 | L2: 9 | M2: 10 | N2: 11 | O2: 12 | P2: 13 | Q2: 14 | R2: 15 | S2: 16 | T2: 17 | U2: 18 | V2: 19 | W2: 20 | X2: 21 | Y2: 22 | Z2: 23 | AA2: 24 | AB2: 25 | AC2: 26 | AD2: 27 | AE2: 28 | AF2: 29 | AG2: 30 | AH2: 31 | AI2: 32 | AJ2: 33 | AK2: 34 | AL2: 35
A3: Jan '23 Cohort | B3: 1 | C3: =IF(Dashboard!$B$14="Retention %",1,IF(Dashboard!$B$14="MRR ($)",$B3*Dashboard!$B$4,IF(Dashboard!$B$14="Churned Customers",0,IF(Dashboard!$B$14="Cumulative Revenue ($)",$B3*Dashboard!$B$4,IF(Dashboard!$B$14="LTV per Customer ($)",IF($B3>0,Dashboard!$B$4,0),""))))) -> 1 | D3: =IF(Dashboard!$B$14="Retention %",(1-Dashboard!$B$5)^1,IF(Dashboard!$B$14="MRR ($)",$B3*Dashboard!$B$4*(1-Dashboard!$B$5+Dashboard!$B$6)^1,IF(Dashboard!$B$14="Churned Customers",$B3*(1-(1-Dashboard!$B$5)^1),IF(Dashboard!$B$14="Cumulative Revenue ($)",$B3*Dashboard!$B$4*IF(Dashboard!$B$5=Dashboard!$B$6,2,((1-Dashboard!$B$5+Dashboard!$B$6)^2-1)/(Dashboard!$B$6-Dashboard!$B$5)),IF(Dashboard!$B$14="LTV per Customer ($)",IF($B3>0,Dashboard!$B$4*IF(Dashboard!$B$5=Dashboard!$B$6,2,((1-Dashboard!$B$5+Dashboard!$B$6)^2-1)/(Dashboard!$B$6-Dashboard!$B$5)),0),""))))) -> 0.93 | E3: =IF(Dashboard!$B$14="Retention %",(1-Dashboard!$B$5)^2,IF(Dashboard!$B$14="MRR ($)",$B3*Dashboard!$B$4*(1-Dashboard!$B$5+Dashboard!$B$6)^2,IF(Dashboard!$B$14="Churned Customers",$B3*(1-(1-Dashboard!$B$5)^2),IF(Dashboard!$B$14="Cumulative Revenue ($)",$B3*Dashboard!$B$4*IF(Dashboard!$B$5=Dashboard!$B$6,3,((1-Dashboard!$B$5+Dashboard!$B$6)^3-1)/(Dashboard!$B$6-Dashboard!$B$5)),IF(Dashboard!$B$14="LTV per Customer ($)",IF($B3>0,Dashboard!$B$4*IF(Dashboard!$B$5=Dashboard!$B$6,3,((1-Dashboard!$B$5+Dashboard!$B$6)^3-1)/(Dashboard!$B$6-Dashboard!$B$5)),0),""))))) -> 0.8649 | F3: =IF(Dashboard!$B$14="Retention %",(1-Dashboard!$B$5)^3,IF(Dashboard!$B$14="MRR ($)",$B3*Dashboard!$B$4*(1-Dashboard!$B$5+Dashboard!$B$6)^3,IF(Dashboard!$B$14="Churned Customers",$B3*(1-(1-Dashboard!$B$5)^3),IF(Dashboard!$B$14="Cumulative Revenue ($)",$B3*Dashboard!$B$4*IF(Dashboard!$B$5=Dashboard!$B$6,4,((1-Dashboard!$B$5+Dashboard!$B$6)^4-1)/(Dashboard!$B$6-Dashboard!$B$5)),IF(Dashboard!$B$14="LTV per Customer ($)",IF($B3>0,Dashboard!$B$4*IF(Dashboard!$B$5=Dashboard!$B$6,4,((1-Dashboard!$B$5+Dashboard!$B$6)^4-1)/(Dashboard!$B$6-Dashboard!$B$5)),0),""))))) -> 0.804357 | G3: =IF(Dashboard!$B$14="Retention %",(1-Dashboard!$B$5)^4,IF(Dashboard!$B$14="MRR ($)",$B3*Dashboard!$B$4*(1-Dashboard!$B$5+Dashboard!$B$6)^4,IF(Dashboard!$B$14="Churned Customers",$B3*(1-(1-Dashboard!$B$5)^4),IF(Dashboard!$B$14="Cumulative Revenue ($)",$B3*Dashboard!$B$4*IF(Dashboard!$B$5=Dashboard!$B$6,5,((1-Dashboard!$B$5+Dashboard!$B$6)^5-1)/(Dashboard!$B$6-Dashboard!$B$5)),IF(Dashboard!$B$14="LTV per Customer ($)",IF($B3>0,Dashboard!$B$4*IF(Dashboard!$B$5=Dashboard!$B$6,5,((1-Dashboard!$B$5+Dashboard!$B$6)^5-1)/(Dashboard!$B$6-Dashboard!$B$5)),0),""))))) -> 0.74805201 | H3: =IF(Dashboard!$B$14="Retention %",(1-Dashboard!$B$5)^5,IF(Dashboard!$B$14="MRR ($)",$B3*Dashboard!$B$4*(1-Dashboard!$B$5+Dashboard!$B$6)^5,IF(Dashboard!$B$14="Churned Customers",$B3*(1-(1-Dashboard!$B$5)^5),IF(Dashboard!$B$14="Cumulative Revenue ($)",$B3*Dashboard!$B$4*IF(Dashboard!$B$5=Dashboard!$B$6,6,((1-Dashboard!$B$5+Dashboard!$B$6)^6-1)/(Dashboard!$B$6-Dashboard!$B$5)),IF(Dashboard!$B$14="LTV per Customer ($)",IF($B3>0,Dashboard!$B$4*IF(Dashboard!$B$5=Dashboard!$B$6,6,((1-Dashboard!$B$5+Dashboard!$B$6)^6-1)/(Dashboard!$B$6-Dashboard!$B$5)),0),""))))) -> 0.69568837 | I3: =IF(Dashboard!$B$14="Retention %",(1-Dashboard!$B$5)^6,IF(Dashboard!$B$14="MRR ($)",$B3*Dashboard!$B$4*(1-Dashboard!$B$5+Dashboard!$B$6)^6,IF(Dashboard!$B$14="Churned Customers",$B3*(1-(1-Dashboard!$B$5)^6),IF(Dashboard!$B$14="Cumulative Revenue ($)",$B3*Dashboard!$B$4*IF(Dashboard!$B$5=Dashboard!$B$6,7,((1-Dashboard!$B$5+Dashboard!$B$6)^7-1)/(Dashboard!$B$6-Dashboard!$B$5)),IF(Dashboard!$B$14="LTV per Customer ($)",IF($B3>0,Dashboard!$B$4*IF(Dashboard!$B$5=Dashboard!$B$6,7,((1-Dashboard!$B$5+Dashboard!$B$6)^7-1)/(Dashboard!$B$6-Dashboard!$B$5)),0),""))))) -> 0.64699018 | J3: =IF(Dashboard!$B$14="Retention %",(1-Dashboard!$B$5)^7,IF(Dashboard!$B$14="MRR ($)",$B3*Dashboard!$B$4*(1-Dashboard!$B$5+Dashboard!$B$6)^7,IF(Dashboard!$B$14="Churned Customers",$B3*(1-(1-Dashboard!$B$5)^7),IF(Dashboard!$B$14="Cumulative Revenue ($)",$B3*Dashboard!$B$4*IF(Dashboard!$B$5=Dashboard!$B$6,8,((1-Dashboard!$B$5+Dashboard!$B$6)^8-1)/(Dashboard!$B$6-Dashboard!$B$5)),IF(Dashboard!$B$14="LTV per Customer ($)",IF($B3>0,Dashboard!$B$4*IF(Dashboard!$B$5=Dashboard!$B$6,8,((1-Dashboard!$B$5+Dashboard!$B$6)^8-1)/(Dashboard!$B$6-Dashboard!$B$5)),0),""))))) -> 0.60170087 | K3: =IF(Dashboard!$B$14="Retention %",(1-Dashboard!$B$5)^8,IF(Dashboard!$B$14="MRR ($)",$B3*Dashboard!$B$4*(1-Dashboard!$B$5+Dashboard!$B$6)^8,IF(Dashboard!$B$14="Churned Customers",$B3*(1-(1-Dashboard!$B$5)^8),IF(Dashboard!$B$14="Cumulative Revenue ($)",$B3*Dashboard!$B$4*IF(Dashboard!$B$5=Dashboard!$B$6,9,((1-Dashboard!$B$5+Dashboard!$B$6)^9-1)/(Dashboard!$B$6-Dashboard!$B$5)),IF(Dashboard!$B$14="LTV per Customer ($)",IF($B3>0,Dashboard!$B$4*IF(Dashboard!$B$5=Dashboard!$B$6,9,((1-Dashboard!$B$5+Dashboard!$B$6)^9-1)/(Dashboard!$B$6-Dashboard!$B$5)),0),""))))) -> 0.55958181 | L3: =IF(Dashboard!$B$14="Retention %",(1-Dashboard!$B$5)^9,IF(Dashboard!$B$14="MRR ($)",$B3*Dashboard!$B$4*(1-Dashboard!$B$5+Dashboard!$B$6)^9,IF(Dashboard!$B$14="Churned Customers",$B3*(1-(1-Dashboard!$B$5)^9),IF(Dashboard!$B$14="Cumulative Revenue ($)",$B3*Dashboard!$B$4*IF(Dashboard!$B$5=Dashboard!$B$6,10,((1-Dashboard!$B$5+Dashboard!$B$6)^10-1)/(Dashboard!$B$6-Dashboard!$B$5)),IF(Dashboard!$B$14="LTV per Customer ($)",IF($B3>0,Dashboard!$B$4*IF(Dashboard!$B$5=Dashboard!$B$6,10,((1-Dashboard!$B$5+Dashboard!$B$6)^10-1)/(Dashboard!$B$6-Dashboard!$B$5)),0),""))))) -> 0.52041108 | M3: =IF(Dashboard!$B$14="Retention %",(1-Dashboard!$B$5)^10,IF(Dashboard!$B$14="MRR ($)",$B3*Dashboard!$B$4*(1-Dashboard!$B$5+Dashboard!$B$6)^10,IF(Dashboard!$B$14="Churned Customers",$B3*(1-(1-Dashboard!$B$5)^10),IF(Dashboard!$B$14="Cumulative Revenue ($)",$B3*Dashboard!$B$4*IF(Dashboard!$B$5=Dashboard!$B$6,11,((1-Dashboard!$B$5+Dashboard!$B$6)^11-1)/(Dashboard!$B$6-Dashboard!$B$5)),IF(Dashboard!$B$14="LTV per Customer ($)",IF($B3>0,Dashboard!$B$4*IF(Dashboard!$B$5=Dashboard!$B$6,11,((1-Dashboard!$B$5+Dashboard!$B$6)^11-1)/(Dashboard!$B$6-Dashboard!$B$5)),0),""))))) -> 0.48398231 | N3: =IF(Dashboard!$B$14="Retention %",(1-Dashboard!$B$5)^11,IF(Dashboard!$B$14="MRR ($)",$B3*Dashboard!$B$4*(1-Dashboard!$B$5+Dashboard!$B$6)^11,IF(Dashboard!$B$14="Churned Customers",$B3*(1-(1-Dashboard!$B$5)^11),IF(Dashboard!$B$14="Cumulative Revenue ($)",$B3*Dashboard!$B$4*IF(Dashboard!$B$5=Dashboard!$B$6,12,((1-Dashboard!$B$5+Dashboard!$B$6)^12-1)/(Dashboard!$B$6-Dashboard!$B$5)),IF(Dashboard!$B$14="LTV per Customer ($)",IF($B3>0,Dashboard!$B$4*IF(Dashboard!$B$5=Dashboard!$B$6,12,((1-Dashboard!$B$5+Dashboard!$B$6)^12-1)/(Dashboard!$B$6-Dashboard!$B$5)),0),""))))) -> 0.45010355 | O3: =IF(Dashboard!$B$14="Retention %",(1-Dashboard!$B$5)^12,IF(Dashboard!$B$14="MRR ($)",$B3*Dashboard!$B$4*(1-Dashboard!$B$5+Dashboard!$B$6)^12,IF(Dashboard!$B$14="Churned Customers",$B3*(1-(1-Dashboard!$B$5)^12),IF(Dashboard!$B$14="Cumulative Revenue ($)",$B3*Dashboard!$B$4*IF(Dashboard!$B$5=Dashboard!$B$6,13,((1-Dashboard!$B$5+Dashboard!$B$6)^13-1)/(Dashboard!$B$6-Dashboard!$B$5)),IF(Dashboard!$B$14="LTV per Customer ($)",IF($B3>0,Dashboard!$B$4*IF(Dashboard!$B$5=Dashboard!$B$6,13,((1-Dashboard!$B$5+Dashboard!$B$6)^13-1)/(Dashboard!$B$6-Dashboard!$B$5)),0),""))))) -> 0.4185963 | P3: =IF(Dashboard!$B$14="Retention %",(1-Dashboard!$B$5)^13,IF(Dashboard!$B$14="MRR ($)",$B3*Dashboard!$B$4*(1-Dashboard!$B$5+Dashboard!$B$6)^13,IF(Dashboard!$B$14="Churned Customers",$B3*(1-(1-Dashboard!$B$5)^13),IF(Dashboard!$B$14="Cumulative Revenue ($)",$B3*Dashboard!$B$4*IF(Dashboard!$B$5=Dashboard!$B$6,14,((1-Dashboard!$B$5+Dashboard!$B$6)^14-1)/(Dashboard!$B$6-Dashboard!$B$5)),IF(Dashboard!$B$14="LTV per Customer ($)",IF($B3>0,Dashboard!$B$4*IF(Dashboard!$B$5=Dashboard!$B$6,14,((1-Dashboard!$B$5+Dashboard!$B$6)^14-1)/(Dashboard!$B$6-Dashboard!$B$5)),0),""))))) -> 0.38929456 | Q3: =IF(Dashboard!$B$14="Retention %",(1-Dashboard!$B$5)^14,IF(Dashboard!$B$14="MRR ($)",$B3*Dashboard!$B$4*(1-Dashboard!$B$5+Dashboard!$B$6)^14,IF(Dashboard!$B$14="Churned Customers",$B3*(1-(1-Dashboard!$B$5)^14),IF(Dashboard!$B$14="Cumulative Revenue ($)",$B3*Dashboard!$B$4*IF(Dashboard!$B$5=Dashboard!$B$6,15,((1-Dashboard!$B$5+Dashboard!$B$6)^15-1)/(Dashboard!$B$6-Dashboard!$B$5)),IF(Dashboard!$B$14="LTV per Customer ($)",IF($B3>0,Dashboard!$B$4*IF(Dashboard!$B$5=Dashboard!$B$6,15,((1-Dashboard!$B$5+Dashboard!$B$6)^15-1)/(Dashboard!$B$6-Dashboard!$B$5)),0),""))))) -> 0.36204394 | R3: =IF(Dashboard!$B$14="Retention %",(1-Dashboard!$B$5)^15,IF(Dashboard!$B$14="MRR ($)",$B3*Dashboard!$B$4*(1-Dashboard!$B$5+Dashboard!$B$6)^15,IF(Dashboard!$B$14="Churned Customers",$B3*(1-(1-Dashboard!$B$5)^15),IF(Dashboard!$B$14="Cumulative Revenue ($)",$B3*Dashboard!$B$4*IF(Dashboard!$B$5=Dashboard!$B$6,16,((1-Dashboard!$B$5+Dashboard!$B$6)^16-1)/(Dashboard!$B$6-Dashboard!$B$5)),IF(Dashboard!$B$14="LTV per Customer ($)",IF($B3>0,Dashboard!$B$4*IF(Dashboard!$B$5=Dashboard!$B$6,16,((1-Dashboard!$B$5+Dashboard!$B$6)^16-1)/(Dashboard!$B$6-Dashboard!$B$5)),0),""))))) -> 0.33670086 | S3: =IF(Dashboard!$B$14="Retention %",(1-Dashboard!$B$5)^16,IF(Dashboard!$B$14="MRR ($)",$B3*Dashboard!$B$4*(1-Dashboard!$B$5+Dashboard!$B$6)^16,IF(Dashboard!$B$14="Churned Customers",$B3*(1-(1-Dashboard!$B$5)^16),IF(Dashboard!$B$14="Cumulative Revenue ($)",$B3*Dashboard!$B$4*IF(Dashboard!$B$5=Dashboard!$B$6,17,((1-Dashboard!$B$5+Dashboard!$B$6)^17-1)/(Dashboard!$B$6-Dashboard!$B$5)),IF(Dashboard!$B$14="LTV per Customer ($)",IF($B3>0,Dashboard!$B$4*IF(Dashboard!$B$5=Dashboard!$B$6,17,((1-Dashboard!$B$5+Dashboard!$B$6)^17-1)/(Dashboard!$B$6-Dashboard!$B$5)),0),""))))) -> 0.3131318 | T3: =IF(Dashboard!$B$14="Retention %",(1-Dashboard!$B$5)^17,IF(Dashboard!$B$14="MRR ($)",$B3*Dashboard!$B$4*(1-Dashboard!$B$5+Dashboard!$B$6)^17,IF(Dashboard!$B$14="Churned Customers",$B3*(1-(1-Dashboard!$B$5)^17),IF(Dashboard!$B$14="Cumulative Revenue ($)",$B3*Dashboard!$B$4*IF(Dashboard!$B$5=Dashboard!$B$6,18,((1-Dashboard!$B$5+Dashboard!$B$6)^18-1)/(Dashboard!$B$6-Dashboard!$B$5)),IF(Dashboard!$B$14="LTV per Customer ($)",IF($B3>0,Dashboard!$B$4*IF(Dashboard!$B$5=Dashboard!$B$6,18,((1-Dashboard!$B$5+Dashboard!$B$6)^18-1)/(Dashboard!$B$6-Dashboard!$B$5)),0),""))))) -> 0.29121258 | U3: =IF(Dashboard!$B$14="Retention %",(1-Dashboard!$B$5)^18,IF(Dashboard!$B$14="MRR ($)",$B3*Dashboard!$B$4*(1-Dashboard!$B$5+Dashboard!$B$6)^18,IF(Dashboard!$B$14="Churned Customers",$B3*(1-(1-Dashboard!$B$5)^18),IF(Dashboard!$B$14="Cumulative Revenue ($)",$B3*Dashboard!$B$4*IF(Dashboard!$B$5=Dashboard!$B$6,19,((1-Dashboard!$B$5+Dashboard!$B$6)^19-1)/(Dashboard!$B$6-Dashboard!$B$5)),IF(Dashboard!$B$14="LTV per Customer ($)",IF($B3>0,Dashboard!$B$4*IF(Dashboard!$B$5=Dashboard!$B$6,19,((1-Dashboard!$B$5+Dashboard!$B$6)^19-1)/(Dashboard!$B$6-Dashboard!$B$5)),0),""))))) -> 0.2708277 | V3: =IF(Dashboard!$B$14="Retention %",(1-Dashboard!$B$5)^19,IF(Dashboard!$B$14="MRR ($)",$B3*Dashboard!$B$4*(1-Dashboard!$B$5+Dashboard!$B$6)^19,IF(Dashboard!$B$14="Churned Customers",$B3*(1-(1-Dashboard!$B$5)^19),IF(Dashboard!$B$14="Cumulative Revenue ($)",$B3*Dashboard!$B$4*IF(Dashboard!$B$5=Dashboard!$B$6,20,((1-Dashboard!$B$5+Dashboard!$B$6)^20-1)/(Dashboard!$B$6-Dashboard!$B$5)),IF(Dashboard!$B$14="LTV per Customer ($)",IF($B3>0,Dashboard!$B$4*IF(Dashboard!$B$5=Dashboard!$B$6,20,((1-Dashboard!$B$5+Dashboard!$B$6)^20-1)/(Dashboard!$B$6-Dashboard!$B$5)),0),""))))) -> 0.25186976 | W3: =IF(Dashboard!$B$14="Retention %",(1-Dashboard!$B$5)^20,IF(Dashboard!$B$14="MRR ($)",$B3*Dashboard!$B$4*(1-Dashboard!$B$5+Dashboard!$B$6)^20,IF(Dashboard!$B$14="Churned Customers",$B3*(1-(1-Dashboard!$B$5)^20),IF(Dashboard!$B$14="Cumulative Revenue ($)",$B3*Dashboard!$B$4*IF(Dashboard!$B$5=Dashboard!$B$6,21,((1-Dashboard!$B$5+Dashboard!$B$6)^21-1)/(Dashboard!$B$6-Dashboard!$B$5)),IF(Dashboard!$B$14="LTV per Customer ($)",IF($B3>0,Dashboard!$B$4*IF(Dashboard!$B$5=Dashboard!$B$6,21,((1-Dashboard!$B$5+Dashboard!$B$6)^21-1)/(Dashboard!$B$6-Dashboard!$B$5)),0),""))))) -> 0.23423887 | X3: =IF(Dashboard!$B$14="Retention %",(1-Dashboard!$B$5)^21,IF(Dashboard!$B$14="MRR ($)",$B3*Dashboard!$B$4*(1-Dashboard!$B$5+Dashboard!$B$6)^21,IF(Dashboard!$B$14="Churned Customers",$B3*(1-(1-Dashboard!$B$5)^21),IF(Dashboard!$B$14="Cumulative Revenue ($)",$B3*Dashboard!$B$4*IF(Dashboard!$B$5=Dashboard!$B$6,22,((1-Dashboard!$B$5+Dashboard!$B$6)^22-1)/(Dashboard!$B$6-Dashboard!$B$5)),IF(Dashboard!$B$14="LTV per Customer ($)",IF($B3>0,Dashboard!$B$4*IF(Dashboard!$B$5=Dashboard!$B$6,22,((1-Dashboard!$B$5+Dashboard!$B$6)^22-1)/(Dashboard!$B$6-Dashboard!$B$5)),0),""))))) -> 0.21784215 | Y3: =IF(Dashboard!$B$14="Retention %",(1-Dashboard!$B$5)^22,IF(Dashboard!$B$14="MRR ($)",$B3*Dashboard!$B$4*(1-Dashboard!$B$5+Dashboard!$B$6)^22,IF(Dashboard!$B$14="Churned Customers",$B3*(1-(1-Dashboard!$B$5)^22),IF(Dashboard!$B$14="Cumulative Revenue ($)",$B3*Dashboard!$B$4*IF(Dashboard!$B$5=Dashboard!$B$6,23,((1-Dashboard!$B$5+Dashboard!$B$6)^23-1)/(Dashboard!$B$6-Dashboard!$B$5)),IF(Dashboard!$B$14="LTV per Customer ($)",IF($B3>0,Dashboard!$B$4*IF(Dashboard!$B$5=Dashboard!$B$6,23,((1-Dashboard!$B$5+Dashboard!$B$6)^23-1)/(Dashboard!$B$6-Dashboard!$B$5)),0),""))))) -> 0.2025932 | Z3: =IF(Dashboard!$B$14="Retention %",(1-Dashboard!$B$5)^23,IF(Dashboard!$B$14="MRR ($)",$B3*Dashboard!$B$4*(1-Dashboard!$B$5+Dashboard!$B$6)^23,IF(Dashboard!$B$14="Churned Customers",$B3*(1-(1-Dashboard!$B$5)^23),IF(Dashboard!$B$14="Cumulative Revenue ($)",$B3*Dashboard!$B$4*IF(Dashboard!$B$5=Dashboard!$B$6,24,((1-Dashboard!$B$5+Dashboard!$B$6)^24-1)/(Dashboard!$B$6-Dashboard!$B$5)),IF(Dashboard!$B$14="LTV per Customer ($)",IF($B3>0,Dashboard!$B$4*IF(Dashboard!$B$5=Dashboard!$B$6,24,((1-Dashboard!$B$5+Dashboard!$B$6)^24-1)/(Dashboard!$B$6-Dashboard!$B$5)),0),""))))) -> 0.18841168 | AA3: =IF(Dashboard!$B$14="Retention %",(1-Dashboard!$B$5)^24,IF(Dashboard!$B$14="MRR ($)",$B3*Dashboard!$B$4*(1-Dashboard!$B$5+Dashboard!$B$6)^24,IF(Dashboard!$B$14="Churned Customers",$B3*(1-(1-Dashboard!$B$5)^24),IF(Dashboard!$B$14="Cumulative Revenue ($)",$B3*Dashboard!$B$4*IF(Dashboard!$B$5=Dashboard!$B$6,25,((1-Dashboard!$B$5+Dashboard!$B$6)^25-1)/(Dashboard!$B$6-Dashboard!$B$5)),IF(Dashboard!$B$14="LTV per Customer ($)",IF($B3>0,Dashboard!$B$4*IF(Dashboard!$B$5=Dashboard!$B$6,25,((1-Dashboard!$B$5+Dashboard!$B$6)^25-1)/(Dashboard!$B$6-Dashboard!$B$5)),0),""))))) -> 0.17522286 | AB3: =IF(Dashboard!$B$14="Retention %",(1-Dashboard!$B$5)^25,IF(Dashboard!$B$14="MRR ($)",$B3*Dashboard!$B$4*(1-Dashboard!$B$5+Dashboard!$B$6)^25,IF(Dashboard!$B$14="Churned Customers",$B3*(1-(1-Dashboard!$B$5)^25),IF(Dashboard!$B$14="Cumulative Revenue ($)",$B3*Dashboard!$B$4*IF(Dashboard!$B$5=Dashboard!$B$6,26,((1-Dashboard!$B$5+Dashboard!$B$6)^26-1)/(Dashboard!$B$6-Dashboard!$B$5)),IF(Dashboard!$B$14="LTV per Customer ($)",IF($B3>0,Dashboard!$B$4*IF(Dashboard!$B$5=Dashboard!$B$6,26,((1-Dashboard!$B$5+Dashboard!$B$6)^26-1)/(Dashboard!$B$6-Dashboard!$B$5)),0),""))))) -> 0.16295726 | AC3: =IF(Dashboard!$B$14="Retention %",(1-Dashboard!$B$5)^26,IF(Dashboard!$B$14="MRR ($)",$B3*Dashboard!$B$4*(1-Dashboard!$B$5+Dashboard!$B$6)^26,IF(Dashboard!$B$14="Churned Customers",$B3*(1-(1-Dashboard!$B$5)^26),IF(Dashboard!$B$14="Cumulative Revenue ($)",$B3*Dashboard!$B$4*IF(Dashboard!$B$5=Dashboard!$B$6,27,((1-Dashboard!$B$5+Dashboard!$B$6)^27-1)/(Dashboard!$B$6-Dashboard!$B$5)),IF(Dashboard!$B$14="LTV per Customer ($)",IF($B3>0,Dashboard!$B$4*IF(Dashboard!$B$5=Dashboard!$B$6,27,((1-Dashboard!$B$5+Dashboard!$B$6)^27-1)/(Dashboard!$B$6-Dashboard!$B$5)),0),""))))) -> 0.15155025 | AD3: =IF(Dashboard!$B$14="Retention %",(1-Dashboard!$B$5)^27,IF(Dashboard!$B$14="MRR ($)",$B3*Dashboard!$B$4*(1-Dashboard!$B$5+Dashboard!$B$6)^27,IF(Dashboard!$B$14="Churned Customers",$B3*(1-(1-Dashboard!$B$5)^27),IF(Dashboard!$B$14="Cumulative Revenue ($)",$B3*Dashboard!$B$4*IF(Dashboard!$B$5=Dashboard!$B$6,28,((1-Dashboard!$B$5+Dashboard!$B$6)^28-1)/(Dashboard!$B$6-Dashboard!$B$5)),IF(Dashboard!$B$14="LTV per Customer ($)",IF($B3>0,Dashboard!$B$4*IF(Dashboard!$B$5=Dashboard!$B$6,28,((1-Dashboard!$B$5+Dashboard!$B$6)^28-1)/(Dashboard!$B$6-Dashboard!$B$5)),0),""))))) -> 0.14094173 | AE3: =IF(Dashboard!$B$14="Retention %",(1-Dashboard!$B$5)^28,IF(Dashboard!$B$14="MRR ($)",$B3*Dashboard!$B$4*(1-Dashboard!$B$5+Dashboard!$B$6)^28,IF(Dashboard!$B$14="Churned Customers",$B3*(1-(1-Dashboard!$B$5)^28),IF(Dashboard!$B$14="Cumulative Revenue ($)",$B3*Dashboard!$B$4*IF(Dashboard!$B$5=Dashboard!$B$6,29,((1-Dashboard!$B$5+Dashboard!$B$6)^29-1)/(Dashboard!$B$6-Dashboard!$B$5)),IF(Dashboard!$B$14="LTV per Customer ($)",IF($B3>0,Dashboard!$B$4*IF(Dashboard!$B$5=Dashboard!$B$6,29,((1-Dashboard!$B$5+Dashboard!$B$6)^29-1)/(Dashboard!$B$6-Dashboard!$B$5)),0),""))))) -> 0.13107581 | AF3: =IF(Dashboard!$B$14="Retention %",(1-Dashboard!$B$5)^29,IF(Dashboard!$B$14="MRR ($)",$B3*Dashboard!$B$4*(1-Dashboard!$B$5+Dashboard!$B$6)^29,IF(Dashboard!$B$14="Churned Customers",$B3*(1-(1-Dashboard!$B$5)^29),IF(Dashboard!$B$14="Cumulative Revenue ($)",$B3*Dashboard!$B$4*IF(Dashboard!$B$5=Dashboard!$B$6,30,((1-Dashboard!$B$5+Dashboard!$B$6)^30-1)/(Dashboard!$B$6-Dashboard!$B$5)),IF(Dashboard!$B$14="LTV per Customer ($)",IF($B3>0,Dashboard!$B$4*IF(Dashboard!$B$5=Dashboard!$B$6,30,((1-Dashboard!$B$5+Dashboard!$B$6)^30-1)/(Dashboard!$B$6-Dashboard!$B$5)),0),""))))) -> 0.12190051 | AG3: =IF(Dashboard!$B$14="Retention %",(1-Dashboard!$B$5)^30,IF(Dashboard!$B$14="MRR ($)",$B3*Dashboard!$B$4*(1-Dashboard!$B$5+Dashboard!$B$6)^30,IF(Dashboard!$B$14="Churned Customers",$B3*(1-(1-Dashboard!$B$5)^30),IF(Dashboard!$B$14="Cumulative Revenue ($)",$B3*Dashboard!$B$4*IF(Dashboard!$B$5=Dashboard!$B$6,31,((1-Dashboard!$B$5+Dashboard!$B$6)^31-1)/(Dashboard!$B$6-Dashboard!$B$5)),IF(Dashboard!$B$14="LTV per Customer ($)",IF($B3>0,Dashboard!$B$4*IF(Dashboard!$B$5=Dashboard!$B$6,31,((1-Dashboard!$B$5+Dashboard!$B$6)^31-1)/(Dashboard!$B$6-Dashboard!$B$5)),0),""))))) -> 0.11336747 | AH3: =IF(Dashboard!$B$14="Retention %",(1-Dashboard!$B$5)^31,IF(Dashboard!$B$14="MRR ($)",$B3*Dashboard!$B$4*(1-Dashboard!$B$5+Dashboard!$B$6)^31,IF(Dashboard!$B$14="Churned Customers",$B3*(1-(1-Dashboard!$B$5)^31),IF(Dashboard!$B$14="Cumulative Revenue ($)",$B3*Dashboard!$B$4*IF(Dashboard!$B$5=Dashboard!$B$6,32,((1-Dashboard!$B$5+Dashboard!$B$6)^32-1)/(Dashboard!$B$6-Dashboard!$B$5)),IF(Dashboard!$B$14="LTV per Customer ($)",IF($B3>0,Dashboard!$B$4*IF(Dashboard!$B$5=Dashboard!$B$6,32,((1-Dashboard!$B$5+Dashboard!$B$6)^32-1)/(Dashboard!$B$6-Dashboard!$B$5)),0),""))))) -> 0.10543175 | AI3: =IF(Dashboard!$B$14="Retention %",(1-Dashboard!$B$5)^32,IF(Dashboard!$B$14="MRR ($)",$B3*Dashboard!$B$4*(1-Dashboard!$B$5+Dashboard!$B$6)^32,IF(Dashboard!$B$14="Churned Customers",$B3*(1-(1-Dashboard!$B$5)^32),IF(Dashboard!$B$14="Cumulative Revenue ($)",$B3*Dashboard!$B$4*IF(Dashboard!$B$5=Dashboard!$B$6,33,((1-Dashboard!$B$5+Dashboard!$B$6)^33-1)/(Dashboard!$B$6-Dashboard!$B$5)),IF(Dashboard!$B$14="LTV per Customer ($)",IF($B3>0,Dashboard!$B$4*IF(Dashboard!$B$5=Dashboard!$B$6,33,((1-Dashboard!$B$5+Dashboard!$B$6)^33-1)/(Dashboard!$B$6-Dashboard!$B$5)),0),""))))) -> 0.098051525 | AJ3: =IF(Dashboard!$B$14="Retention %",(1-Dashboard!$B$5)^33,IF(Dashboard!$B$14="MRR ($)",$B3*Dashboard!$B$4*(1-Dashboard!$B$5+Dashboard!$B$6)^33,IF(Dashboard!$B$14="Churned Customers",$B3*(1-(1-Dashboard!$B$5)^33),IF(Dashboard!$B$14="Cumulative Revenue ($)",$B3*Dashboard!$B$4*IF(Dashboard!$B$5=Dashboard!$B$6,34,((1-Dashboard!$B$5+Dashboard!$B$6)^34-1)/(Dashboard!$B$6-Dashboard!$B$5)),IF(Dashboard!$B$14="LTV per Customer ($)",IF($B3>0,Dashboard!$B$4*IF(Dashboard!$B$5=Dashboard!$B$6,34,((1-Dashboard!$B$5+Dashboard!$B$6)^34-1)/(Dashboard!$B$6-Dashboard!$B$5)),0),""))))) -> 0.091187918 | AK3: =IF(Dashboard!$B$14="Retention %",(1-Dashboard!$B$5)^34,IF(Dashboard!$B$14="MRR ($)",$B3*Dashboard!$B$4*(1-Dashboard!$B$5+Dashboard!$B$6)^34,IF(Dashboard!$B$14="Churned Customers",$B3*(1-(1-Dashboard!$B$5)^34),IF(Dashboard!$B$14="Cumulative Revenue ($)",$B3*Dashboard!$B$4*IF(Dashboard!$B$5=Dashboard!$B$6,35,((1-Dashboard!$B$5+Dashboard!$B$6)^35-1)/(Dashboard!$B$6-Dashboard!$B$5)),IF(Dashboard!$B$14="LTV per Customer ($)",IF($B3>0,Dashboard!$B$4*IF(Dashboard!$B$5=Dashboard!$B$6,35,((1-Dashboard!$B$5+Dashboard!$B$6)^35-1)/(Dashboard!$B$6-Dashboard!$B$5)),0),""))))) -> 0.084804764 | AL3: =IF(Dashboard!$B$14="Retention %",(1-Dashboard!$B$5)^35,IF(Dashboard!$B$14="MRR ($)",$B3*Dashboard!$B$4*(1-Dashboard!$B$5+Dashboard!$B$6)^35,IF(Dashboard!$B$14="Churned Customers",$B3*(1-(1-Dashboard!$B$5)^35),IF(Dashboard!$B$14="Cumulative Revenue ($)",$B3*Dashboard!$B$4*IF(Dashboard!$B$5=Dashboard!$B$6,36,((1-Dashboard!$B$5+Dashboard!$B$6)^36-1)/(Dashboard!$B$6-Dashboard!$B$5)),IF(Dashboard!$B$14="LTV per Customer ($)",IF($B3>0,Dashboard!$B$4*IF(Dashboard!$B$5=Dashboard!$B$6,36,((1-Dashboard!$B$5+Dashboard!$B$6)^36-1)/(Dashboard!$B$6-Dashboard!$B$5)),0),""))))) -> 0.078868431
A4: Feb '23 Cohort | B4: 1 | C4: =IF(Dashboard!$B$14="Retention %",1,IF(Dashboard!$B$14="MRR ($)",$B4*Dashboard!$B$4,IF(Dashboard!$B$14="Churned Customers",0,IF(Dashboard!$B$14="Cumulative Revenue ($)",$B4*Dashboard!$B$4,IF(Dashboard!$B$14="LTV per Customer ($)",IF($B4>0,Dashboard!$B$4,0),""))))) -> 1 | D4: =IF(Dashboard!$B$14="Retention %",(1-Dashboard!$B$5)^1,IF(Dashboard!$B$14="MRR ($)",$B4*Dashboard!$B$4*(1-Dashboard!$B$5+Dashboard!$B$6)^1,IF(Dashboard!$B$14="Churned Customers",$B4*(1-(1-Dashboard!$B$5)^1),IF(Dashboard!$B$14="Cumulative Revenue ($)",$B4*Dashboard!$B$4*IF(Dashboard!$B$5=Dashboard!$B$6,2,((1-Dashboard!$B$5+Dashboard!$B$6)^2-1)/(Dashboard!$B$6-Dashboard!$B$5)),IF(Dashboard!$B$14="LTV per Customer ($)",IF($B4>0,Dashboard!$B$4*IF(Dashboard!$B$5=Dashboard!$B$6,2,((1-Dashboard!$B$5+Dashboard!$B$6)^2-1)/(Dashboard!$B$6-Dashboard!$B$5)),0),""))))) -> 0.93 | E4: =IF(Dashboard!$B$14="Retention %",(1-Dashboard!$B$5)^2,IF(Dashboard!$B$14="MRR ($)",$B4*Dashboard!$B$4*(1-Dashboard!$B$5+Dashboard!$B$6)^2,IF(Dashboard!$B$14="Churned Customers",$B4*(1-(1-Dashboard!$B$5)^2),IF(Dashboard!$B$14="Cumulative Revenue ($)",$B4*Dashboard!$B$4*IF(Dashboard!$B$5=Dashboard!$B$6,3,((1-Dashboard!$B$5+Dashboard!$B$6)^3-1)/(Dashboard!$B$6-Dashboard!$B$5)),IF(Dashboard!$B$14="LTV per Customer ($)",IF($B4>0,Dashboard!$B$4*IF(Dashboard!$B$5=Dashboard!$B$6,3,((1-Dashboard!$B$5+Dashboard!$B$6)^3-1)/(Dashboard!$B$6-Dashboard!$B$5)),0),""))))) -> 0.8649 | F4: =IF(Dashboard!$B$14="Retention %",(1-Dashboard!$B$5)^3,IF(Dashboard!$B$14="MRR ($)",$B4*Dashboard!$B$4*(1-Dashboard!$B$5+Dashboard!$B$6)^3,IF(Dashboard!$B$14="Churned Customers",$B4*(1-(1-Dashboard!$B$5)^3),IF(Dashboard!$B$14="Cumulative Revenue ($)",$B4*Dashboard!$B$4*IF(Dashboard!$B$5=Dashboard!$B$6,4,((1-Dashboard!$B$5+Dashboard!$B$6)^4-1)/(Dashboard!$B$6-Dashboard!$B$5)),IF(Dashboard!$B$14="LTV per Customer ($)",IF($B4>0,Dashboard!$B$4*IF(Dashboard!$B$5=Dashboard!$B$6,4,((1-Dashboard!$B$5+Dashboard!$B$6)^4-1)/(Dashboard!$B$6-Dashboard!$B$5)),0),""))))) -> 0.804357 | G4: =IF(Dashboard!$B$14="Retention %",(1-Dashboard!$B$5)^4,IF(Dashboard!$B$14="MRR ($)",$B4*Dashboard!$B$4*(1-Dashboard!$B$5+Dashboard!$B$6)^4,IF(Dashboard!$B$14="Churned Customers",$B4*(1-(1-Dashboard!$B$5)^4),IF(Dashboard!$B$14="Cumulative Revenue ($)",$B4*Dashboard!$B$4*IF(Dashboard!$B$5=Dashboard!$B$6,5,((1-Dashboard!$B$5+Dashboard!$B$6)^5-1)/(Dashboard!$B$6-Dashboard!$B$5)),IF(Dashboard!$B$14="LTV per Customer ($)",IF($B4>0,Dashboard!$B$4*IF(Dashboard!$B$5=Dashboard!$B$6,5,((1-Dashboard!$B$5+Dashboard!$B$6)^5-1)/(Dashboard!$B$6-Dashboard!$B$5)),0),""))))) -> 0.74805201 | H4: =IF(Dashboard!$B$14="Retention %",(1-Dashboard!$B$5)^5,IF(Dashboard!$B$14="MRR ($)",$B4*Dashboard!$B$4*(1-Dashboard!$B$5+Dashboard!$B$6)^5,IF(Dashboard!$B$14="Churned Customers",$B4*(1-(1-Dashboard!$B$5)^5),IF(Dashboard!$B$14="Cumulative Revenue ($)",$B4*Dashboard!$B$4*IF(Dashboard!$B$5=Dashboard!$B$6,6,((1-Dashboard!$B$5+Dashboard!$B$6)^6-1)/(Dashboard!$B$6-Dashboard!$B$5)),IF(Dashboard!$B$14="LTV per Customer ($)",IF($B4>0,Dashboard!$B$4*IF(Dashboard!$B$5=Dashboard!$B$6,6,((1-Dashboard!$B$5+Dashboard!$B$6)^6-1)/(Dashboard!$B$6-Dashboard!$B$5)),0),""))))) -> 0.69568837 | I4: =IF(Dashboard!$B$14="Retention %",(1-Dashboard!$B$5)^6,IF(Dashboard!$B$14="MRR ($)",$B4*Dashboard!$B$4*(1-Dashboard!$B$5+Dashboard!$B$6)^6,IF(Dashboard!$B$14="Churned Customers",$B4*(1-(1-Dashboard!$B$5)^6),IF(Dashboard!$B$14="Cumulative Revenue ($)",$B4*Dashboard!$B$4*IF(Dashboard!$B$5=Dashboard!$B$6,7,((1-Dashboard!$B$5+Dashboard!$B$6)^7-1)/(Dashboard!$B$6-Dashboard!$B$5)),IF(Dashboard!$B$14="LTV per Customer ($)",IF($B4>0,Dashboard!$B$4*IF(Dashboard!$B$5=Dashboard!$B$6,7,((1-Dashboard!$B$5+Dashboard!$B$6)^7-1)/(Dashboard!$B$6-Dashboard!$B$5)),0),""))))) -> 0.64699018 | J4: =IF(Dashboard!$B$14="Retention %",(1-Dashboard!$B$5)^7,IF(Dashboard!$B$14="MRR ($)",$B4*Dashboard!$B$4*(1-Dashboard!$B$5+Dashboard!$B$6)^7,IF(Dashboard!$B$14="Churned Customers",$B4*(1-(1-Dashboard!$B$5)^7),IF(Dashboard!$B$14="Cumulative Revenue ($)",$B4*Dashboard!$B$4*IF(Dashboard!$B$5=Dashboard!$B$6,8,((1-Dashboard!$B$5+Dashboard!$B$6)^8-1)/(Dashboard!$B$6-Dashboard!$B$5)),IF(Dashboard!$B$14="LTV per Customer ($)",IF($B4>0,Dashboard!$B$4*IF(Dashboard!$B$5=Dashboard!$B$6,8,((1-Dashboard!$B$5+Dashboard!$B$6)^8-1)/(Dashboard!$B$6-Dashboard!$B$5)),0),""))))) -> 0.60170087 | K4: =IF(Dashboard!$B$14="Retention %",(1-Dashboard!$B$5)^8,IF(Dashboard!$B$14="MRR ($)",$B4*Dashboard!$B$4*(1-Dashboard!$B$5+Dashboard!$B$6)^8,IF(Dashboard!$B$14="Churned Customers",$B4*(1-(1-Dashboard!$B$5)^8),IF(Dashboard!$B$14="Cumulative Revenue ($)",$B4*Dashboard!$B$4*IF(Dashboard!$B$5=Dashboard!$B$6,9,((1-Dashboard!$B$5+Dashboard!$B$6)^9-1)/(Dashboard!$B$6-Dashboard!$B$5)),IF(Dashboard!$B$14="LTV per Customer ($)",IF($B4>0,Dashboard!$B$4*IF(Dashboard!$B$5=Dashboard!$B$6,9,((1-Dashboard!$B$5+Dashboard!$B$6)^9-1)/(Dashboard!$B$6-Dashboard!$B$5)),0),""))))) -> 0.55958181 | L4: =IF(Dashboard!$B$14="Retention %",(1-Dashboard!$B$5)^9,IF(Dashboard!$B$14="MRR ($)",$B4*Dashboard!$B$4*(1-Dashboard!$B$5+Dashboard!$B$6)^9,IF(Dashboard!$B$14="Churned Customers",$B4*(1-(1-Dashboard!$B$5)^9),IF(Dashboard!$B$14="Cumulative Revenue ($)",$B4*Dashboard!$B$4*IF(Dashboard!$B$5=Dashboard!$B$6,10,((1-Dashboard!$B$5+Dashboard!$B$6)^10-1)/(Dashboard!$B$6-Dashboard!$B$5)),IF(Dashboard!$B$14="LTV per Customer ($)",IF($B4>0,Dashboard!$B$4*IF(Dashboard!$B$5=Dashboard!$B$6,10,((1-Dashboard!$B$5+Dashboard!$B$6)^10-1)/(Dashboard!$B$6-Dashboard!$B$5)),0),""))))) -> 0.52041108 | M4: =IF(Dashboard!$B$14="Retention %",(1-Dashboard!$B$5)^10,IF(Dashboard!$B$14="MRR ($)",$B4*Dashboard!$B$4*(1-Dashboard!$B$5+Dashboard!$B$6)^10,IF(Dashboard!$B$14="Churned Customers",$B4*(1-(1-Dashboard!$B$5)^10),IF(Dashboard!$B$14="Cumulative Revenue ($)",$B4*Dashboard!$B$4*IF(Dashboard!$B$5=Dashboard!$B$6,11,((1-Dashboard!$B$5+Dashboard!$B$6)^11-1)/(Dashboard!$B$6-Dashboard!$B$5)),IF(Dashboard!$B$14="LTV per Customer ($)",IF($B4>0,Dashboard!$B$4*IF(Dashboard!$B$5=Dashboard!$B$6,11,((1-Dashboard!$B$5+Dashboard!$B$6)^11-1)/(Dashboard!$B$6-Dashboard!$B$5)),0),""))))) -> 0.48398231 | N4: =IF(Dashboard!$B$14="Retention %",(1-Dashboard!$B$5)^11,IF(Dashboard!$B$14="MRR ($)",$B4*Dashboard!$B$4*(1-Dashboard!$B$5+Dashboard!$B$6)^11,IF(Dashboard!$B$14="Churned Customers",$B4*(1-(1-Dashboard!$B$5)^11),IF(Dashboard!$B$14="Cumulative Revenue ($)",$B4*Dashboard!$B$4*IF(Dashboard!$B$5=Dashboard!$B$6,12,((1-Dashboard!$B$5+Dashboard!$B$6)^12-1)/(Dashboard!$B$6-Dashboard!$B$5)),IF(Dashboard!$B$14="LTV per Customer ($)",IF($B4>0,Dashboard!$B$4*IF(Dashboard!$B$5=Dashboard!$B$6,12,((1-Dashboard!$B$5+Dashboard!$B$6)^12-1)/(Dashboard!$B$6-Dashboard!$B$5)),0),""))))) -> 0.45010355 | O4: =IF(Dashboard!$B$14="Retention %",(1-Dashboard!$B$5)^12,IF(Dashboard!$B$14="MRR ($)",$B4*Dashboard!$B$4*(1-Dashboard!$B$5+Dashboard!$B$6)^12,IF(Dashboard!$B$14="Churned Customers",$B4*(1-(1-Dashboard!$B$5)^12),IF(Dashboard!$B$14="Cumulative Revenue ($)",$B4*Dashboard!$B$4*IF(Dashboard!$B$5=Dashboard!$B$6,13,((1-Dashboard!$B$5+Dashboard!$B$6)^13-1)/(Dashboard!$B$6-Dashboard!$B$5)),IF(Dashboard!$B$14="LTV per Customer ($)",IF($B4>0,Dashboard!$B$4*IF(Dashboard!$B$5=Dashboard!$B$6,13,((1-Dashboard!$B$5+Dashboard!$B$6)^13-1)/(Dashboard!$B$6-Dashboard!$B$5)),0),""))))) -> 0.4185963 | P4: =IF(Dashboard!$B$14="Retention %",(1-Dashboard!$B$5)^13,IF(Dashboard!$B$14="MRR ($)",$B4*Dashboard!$B$4*(1-Dashboard!$B$5+Dashboard!$B$6)^13,IF(Dashboard!$B$14="Churned Customers",$B4*(1-(1-Dashboard!$B$5)^13),IF(Dashboard!$B$14="Cumulative Revenue ($)",$B4*Dashboard!$B$4*IF(Dashboard!$B$5=Dashboard!$B$6,14,((1-Dashboard!$B$5+Dashboard!$B$6)^14-1)/(Dashboard!$B$6-Dashboard!$B$5)),IF(Dashboard!$B$14="LTV per Customer ($)",IF($B4>0,Dashboard!$B$4*IF(Dashboard!$B$5=Dashboard!$B$6,14,((1-Dashboard!$B$5+Dashboard!$B$6)^14-1)/(Dashboard!$B$6-Dashboard!$B$5)),0),""))))) -> 0.38929456 | Q4: =IF(Dashboard!$B$14="Retention %",(1-Dashboard!$B$5)^14,IF(Dashboard!$B$14="MRR ($)",$B4*Dashboard!$B$4*(1-Dashboard!$B$5+Dashboard!$B$6)^14,IF(Dashboard!$B$14="Churned Customers",$B4*(1-(1-Dashboard!$B$5)^14),IF(Dashboard!$B$14="Cumulative Revenue ($)",$B4*Dashboard!$B$4*IF(Dashboard!$B$5=Dashboard!$B$6,15,((1-Dashboard!$B$5+Dashboard!$B$6)^15-1)/(Dashboard!$B$6-Dashboard!$B$5)),IF(Dashboard!$B$14="LTV per Customer ($)",IF($B4>0,Dashboard!$B$4*IF(Dashboard!$B$5=Dashboard!$B$6,15,((1-Dashboard!$B$5+Dashboard!$B$6)^15-1)/(Dashboard!$B$6-Dashboard!$B$5)),0),""))))) -> 0.36204394 | R4: =IF(Dashboard!$B$14="Retention %",(1-Dashboard!$B$5)^15,IF(Dashboard!$B$14="MRR ($)",$B4*Dashboard!$B$4*(1-Dashboard!$B$5+Dashboard!$B$6)^15,IF(Dashboard!$B$14="Churned Customers",$B4*(1-(1-Dashboard!$B$5)^15),IF(Dashboard!$B$14="Cumulative Revenue ($)",$B4*Dashboard!$B$4*IF(Dashboard!$B$5=Dashboard!$B$6,16,((1-Dashboard!$B$5+Dashboard!$B$6)^16-1)/(Dashboard!$B$6-Dashboard!$B$5)),IF(Dashboard!$B$14="LTV per Customer ($)",IF($B4>0,Dashboard!$B$4*IF(Dashboard!$B$5=Dashboard!$B$6,16,((1-Dashboard!$B$5+Dashboard!$B$6)^16-1)/(Dashboard!$B$6-Dashboard!$B$5)),0),""))))) -> 0.33670086 | S4: =IF(Dashboard!$B$14="Retention %",(1-Dashboard!$B$5)^16,IF(Dashboard!$B$14="MRR ($)",$B4*Dashboard!$B$4*(1-Dashboard!$B$5+Dashboard!$B$6)^16,IF(Dashboard!$B$14="Churned Customers",$B4*(1-(1-Dashboard!$B$5)^16),IF(Dashboard!$B$14="Cumulative Revenue ($)",$B4*Dashboard!$B$4*IF(Dashboard!$B$5=Dashboard!$B$6,17,((1-Dashboard!$B$5+Dashboard!$B$6)^17-1)/(Dashboard!$B$6-Dashboard!$B$5)),IF(Dashboard!$B$14="LTV per Customer ($)",IF($B4>0,Dashboard!$B$4*IF(Dashboard!$B$5=Dashboard!$B$6,17,((1-Dashboard!$B$5+Dashboard!$B$6)^17-1)/(Dashboard!$B$6-Dashboard!$B$5)),0),""))))) -> 0.3131318 | T4: =IF(Dashboard!$B$14="Retention %",(1-Dashboard!$B$5)^17,IF(Dashboard!$B$14="MRR ($)",$B4*Dashboard!$B$4*(1-Dashboard!$B$5+Dashboard!$B$6)^17,IF(Dashboard!$B$14="Churned Customers",$B4*(1-(1-Dashboard!$B$5)^17),IF(Dashboard!$B$14="Cumulative Revenue ($)",$B4*Dashboard!$B$4*IF(Dashboard!$B$5=Dashboard!$B$6,18,((1-Dashboard!$B$5+Dashboard!$B$6)^18-1)/(Dashboard!$B$6-Dashboard!$B$5)),IF(Dashboard!$B$14="LTV per Customer ($)",IF($B4>0,Dashboard!$B$4*IF(Dashboard!$B$5=Dashboard!$B$6,18,((1-Dashboard!$B$5+Dashboard!$B$6)^18-1)/(Dashboard!$B$6-Dashboard!$B$5)),0),""))))) -> 0.29121258 | U4: =IF(Dashboard!$B$14="Retention %",(1-Dashboard!$B$5)^18,IF(Dashboard!$B$14="MRR ($)",$B4*Dashboard!$B$4*(1-Dashboard!$B$5+Dashboard!$B$6)^18,IF(Dashboard!$B$14="Churned Customers",$B4*(1-(1-Dashboard!$B$5)^18),IF(Dashboard!$B$14="Cumulative Revenue ($)",$B4*Dashboard!$B$4*IF(Dashboard!$B$5=Dashboard!$B$6,19,((1-Dashboard!$B$5+Dashboard!$B$6)^19-1)/(Dashboard!$B$6-Dashboard!$B$5)),IF(Dashboard!$B$14="LTV per Customer ($)",IF($B4>0,Dashboard!$B$4*IF(Dashboard!$B$5=Dashboard!$B$6,19,((1-Dashboard!$B$5+Dashboard!$B$6)^19-1)/(Dashboard!$B$6-Dashboard!$B$5)),0),""))))) -> 0.2708277 | V4: =IF(Dashboard!$B$14="Retention %",(1-Dashboard!$B$5)^19,IF(Dashboard!$B$14="MRR ($)",$B4*Dashboard!$B$4*(1-Dashboard!$B$5+Dashboard!$B$6)^19,IF(Dashboard!$B$14="Churned Customers",$B4*(1-(1-Dashboard!$B$5)^19),IF(Dashboard!$B$14="Cumulative Revenue ($)",$B4*Dashboard!$B$4*IF(Dashboard!$B$5=Dashboard!$B$6,20,((1-Dashboard!$B$5+Dashboard!$B$6)^20-1)/(Dashboard!$B$6-Dashboard!$B$5)),IF(Dashboard!$B$14="LTV per Customer ($)",IF($B4>0,Dashboard!$B$4*IF(Dashboard!$B$5=Dashboard!$B$6,20,((1-Dashboard!$B$5+Dashboard!$B$6)^20-1)/(Dashboard!$B$6-Dashboard!$B$5)),0),""))))) -> 0.25186976 | W4: =IF(Dashboard!$B$14="Retention %",(1-Dashboard!$B$5)^20,IF(Dashboard!$B$14="MRR ($)",$B4*Dashboard!$B$4*(1-Dashboard!$B$5+Dashboard!$B$6)^20,IF(Dashboard!$B$14="Churned Customers",$B4*(1-(1-Dashboard!$B$5)^20),IF(Dashboard!$B$14="Cumulative Revenue ($)",$B4*Dashboard!$B$4*IF(Dashboard!$B$5=Dashboard!$B$6,21,((1-Dashboard!$B$5+Dashboard!$B$6)^21-1)/(Dashboard!$B$6-Dashboard!$B$5)),IF(Dashboard!$B$14="LTV per Customer ($)",IF($B4>0,Dashboard!$B$4*IF(Dashboard!$B$5=Dashboard!$B$6,21,((1-Dashboard!$B$5+Dashboard!$B$6)^21-1)/(Dashboard!$B$6-Dashboard!$B$5)),0),""))))) -> 0.23423887 | X4: =IF(Dashboard!$B$14="Retention %",(1-Dashboard!$B$5)^21,IF(Dashboard!$B$14="MRR ($)",$B4*Dashboard!$B$4*(1-Dashboard!$B$5+Dashboard!$B$6)^21,IF(Dashboard!$B$14="Churned Customers",$B4*(1-(1-Dashboard!$B$5)^21),IF(Dashboard!$B$14="Cumulative Revenue ($)",$B4*Dashboard!$B$4*IF(Dashboard!$B$5=Dashboard!$B$6,22,((1-Dashboard!$B$5+Dashboard!$B$6)^22-1)/(Dashboard!$B$6-Dashboard!$B$5)),IF(Dashboard!$B$14="LTV per Customer ($)",IF($B4>0,Dashboard!$B$4*IF(Dashboard!$B$5=Dashboard!$B$6,22,((1-Dashboard!$B$5+Dashboard!$B$6)^22-1)/(Dashboard!$B$6-Dashboard!$B$5)),0),""))))) -> 0.21784215 | Y4: =IF(Dashboard!$B$14="Retention %",(1-Dashboard!$B$5)^22,IF(Dashboard!$B$14="MRR ($)",$B4*Dashboard!$B$4*(1-Dashboard!$B$5+Dashboard!$B$6)^22,IF(Dashboard!$B$14="Churned Customers",$B4*(1-(1-Dashboard!$B$5)^22),IF(Dashboard!$B$14="Cumulative Revenue ($)",$B4*Dashboard!$B$4*IF(Dashboard!$B$5=Dashboard!$B$6,23,((1-Dashboard!$B$5+Dashboard!$B$6)^23-1)/(Dashboard!$B$6-Dashboard!$B$5)),IF(Dashboard!$B$14="LTV per Customer ($)",IF($B4>0,Dashboard!$B$4*IF(Dashboard!$B$5=Dashboard!$B$6,23,((1-Dashboard!$B$5+Dashboard!$B$6)^23-1)/(Dashboard!$B$6-Dashboard!$B$5)),0),""))))) -> 0.2025932 | Z4: =IF(Dashboard!$B$14="Retention %",(1-Dashboard!$B$5)^23,IF(Dashboard!$B$14="MRR ($)",$B4*Dashboard!$B$4*(1-Dashboard!$B$5+Dashboard!$B$6)^23,IF(Dashboard!$B$14="Churned Customers",$B4*(1-(1-Dashboard!$B$5)^23),IF(Dashboard!$B$14="Cumulative Revenue ($)",$B4*Dashboard!$B$4*IF(Dashboard!$B$5=Dashboard!$B$6,24,((1-Dashboard!$B$5+Dashboard!$B$6)^24-1)/(Dashboard!$B$6-Dashboard!$B$5)),IF(Dashboard!$B$14="LTV per Customer ($)",IF($B4>0,Dashboard!$B$4*IF(Dashboard!$B$5=Dashboard!$B$6,24,((1-Dashboard!$B$5+Dashboard!$B$6)^24-1)/(Dashboard!$B$6-Dashboard!$B$5)),0),""))))) -> 0.18841168 | AA4: =IF(Dashboard!$B$14="Retention %",(1-Dashboard!$B$5)^24,IF(Dashboard!$B$14="MRR ($)",$B4*Dashboard!$B$4*(1-Dashboard!$B$5+Dashboard!$B$6)^24,IF(Dashboard!$B$14="Churned Customers",$B4*(1-(1-Dashboard!$B$5)^24),IF(Dashboard!$B$14="Cumulative Revenue ($)",$B4*Dashboard!$B$4*IF(Dashboard!$B$5=Dashboard!$B$6,25,((1-Dashboard!$B$5+Dashboard!$B$6)^25-1)/(Dashboard!$B$6-Dashboard!$B$5)),IF(Dashboard!$B$14="LTV per Customer ($)",IF($B4>0,Dashboard!$B$4*IF(Dashboard!$B$5=Dashboard!$B$6,25,((1-Dashboard!$B$5+Dashboard!$B$6)^25-1)/(Dashboard!$B$6-Dashboard!$B$5)),0),""))))) -> 0.17522286 | AB4: =IF(Dashboard!$B$14="Retention %",(1-Dashboard!$B$5)^25,IF(Dashboard!$B$14="MRR ($)",$B4*Dashboard!$B$4*(1-Dashboard!$B$5+Dashboard!$B$6)^25,IF(Dashboard!$B$14="Churned Customers",$B4*(1-(1-Dashboard!$B$5)^25),IF(Dashboard!$B$14="Cumulative Revenue ($)",$B4*Dashboard!$B$4*IF(Dashboard!$B$5=Dashboard!$B$6,26,((1-Dashboard!$B$5+Dashboard!$B$6)^26-1)/(Dashboard!$B$6-Dashboard!$B$5)),IF(Dashboard!$B$14="LTV per Customer ($)",IF($B4>0,Dashboard!$B$4*IF(Dashboard!$B$5=Dashboard!$B$6,26,((1-Dashboard!$B$5+Dashboard!$B$6)^26-1)/(Dashboard!$B$6-Dashboard!$B$5)),0),""))))) -> 0.16295726 | AC4: =IF(Dashboard!$B$14="Retention %",(1-Dashboard!$B$5)^26,IF(Dashboard!$B$14="MRR ($)",$B4*Dashboard!$B$4*(1-Dashboard!$B$5+Dashboard!$B$6)^26,IF(Dashboard!$B$14="Churned Customers",$B4*(1-(1-Dashboard!$B$5)^26),IF(Dashboard!$B$14="Cumulative Revenue ($)",$B4*Dashboard!$B$4*IF(Dashboard!$B$5=Dashboard!$B$6,27,((1-Dashboard!$B$5+Dashboard!$B$6)^27-1)/(Dashboard!$B$6-Dashboard!$B$5)),IF(Dashboard!$B$14="LTV per Customer ($)",IF($B4>0,Dashboard!$B$4*IF(Dashboard!$B$5=Dashboard!$B$6,27,((1-Dashboard!$B$5+Dashboard!$B$6)^27-1)/(Dashboard!$B$6-Dashboard!$B$5)),0),""))))) -> 0.15155025 | AD4: =IF(Dashboard!$B$14="Retention %",(1-Dashboard!$B$5)^27,IF(Dashboard!$B$14="MRR ($)",$B4*Dashboard!$B$4*(1-Dashboard!$B$5+Dashboard!$B$6)^27,IF(Dashboard!$B$14="Churned Customers",$B4*(1-(1-Dashboard!$B$5)^27),IF(Dashboard!$B$14="Cumulative Revenue ($)",$B4*Dashboard!$B$4*IF(Dashboard!$B$5=Dashboard!$B$6,28,((1-Dashboard!$B$5+Dashboard!$B$6)^28-1)/(Dashboard!$B$6-Dashboard!$B$5)),IF(Dashboard!$B$14="LTV per Customer ($)",IF($B4>0,Dashboard!$B$4*IF(Dashboard!$B$5=Dashboard!$B$6,28,((1-Dashboard!$B$5+Dashboard!$B$6)^28-1)/(Dashboard!$B$6-Dashboard!$B$5)),0),""))))) -> 0.14094173 | AE4: =IF(Dashboard!$B$14="Retention %",(1-Dashboard!$B$5)^28,IF(Dashboard!$B$14="MRR ($)",$B4*Dashboard!$B$4*(1-Dashboard!$B$5+Dashboard!$B$6)^28,IF(Dashboard!$B$14="Churned Customers",$B4*(1-(1-Dashboard!$B$5)^28),IF(Dashboard!$B$14="Cumulative Revenue ($)",$B4*Dashboard!$B$4*IF(Dashboard!$B$5=Dashboard!$B$6,29,((1-Dashboard!$B$5+Dashboard!$B$6)^29-1)/(Dashboard!$B$6-Dashboard!$B$5)),IF(Dashboard!$B$14="LTV per Customer ($)",IF($B4>0,Dashboard!$B$4*IF(Dashboard!$B$5=Dashboard!$B$6,29,((1-Dashboard!$B$5+Dashboard!$B$6)^29-1)/(Dashboard!$B$6-Dashboard!$B$5)),0),""))))) -> 0.13107581 | AF4: =IF(Dashboard!$B$14="Retention %",(1-Dashboard!$B$5)^29,IF(Dashboard!$B$14="MRR ($)",$B4*Dashboard!$B$4*(1-Dashboard!$B$5+Dashboard!$B$6)^29,IF(Dashboard!$B$14="Churned Customers",$B4*(1-(1-Dashboard!$B$5)^29),IF(Dashboard!$B$14="Cumulative Revenue ($)",$B4*Dashboard!$B$4*IF(Dashboard!$B$5=Dashboard!$B$6,30,((1-Dashboard!$B$5+Dashboard!$B$6)^30-1)/(Dashboard!$B$6-Dashboard!$B$5)),IF(Dashboard!$B$14="LTV per Customer ($)",IF($B4>0,Dashboard!$B$4*IF(Dashboard!$B$5=Dashboard!$B$6,30,((1-Dashboard!$B$5+Dashboard!$B$6)^30-1)/(Dashboard!$B$6-Dashboard!$B$5)),0),""))))) -> 0.12190051 | AG4: =IF(Dashboard!$B$14="Retention %",(1-Dashboard!$B$5)^30,IF(Dashboard!$B$14="MRR ($)",$B4*Dashboard!$B$4*(1-Dashboard!$B$5+Dashboard!$B$6)^30,IF(Dashboard!$B$14="Churned Customers",$B4*(1-(1-Dashboard!$B$5)^30),IF(Dashboard!$B$14="Cumulative Revenue ($)",$B4*Dashboard!$B$4*IF(Dashboard!$B$5=Dashboard!$B$6,31,((1-Dashboard!$B$5+Dashboard!$B$6)^31-1)/(Dashboard!$B$6-Dashboard!$B$5)),IF(Dashboard!$B$14="LTV per Customer ($)",IF($B4>0,Dashboard!$B$4*IF(Dashboard!$B$5=Dashboard!$B$6,31,((1-Dashboard!$B$5+Dashboard!$B$6)^31-1)/(Dashboard!$B$6-Dashboard!$B$5)),0),""))))) -> 0.11336747 | AH4: =IF(Dashboard!$B$14="Retention %",(1-Dashboard!$B$5)^31,IF(Dashboard!$B$14="MRR ($)",$B4*Dashboard!$B$4*(1-Dashboard!$B$5+Dashboard!$B$6)^31,IF(Dashboard!$B$14="Churned Customers",$B4*(1-(1-Dashboard!$B$5)^31),IF(Dashboard!$B$14="Cumulative Revenue ($)",$B4*Dashboard!$B$4*IF(Dashboard!$B$5=Dashboard!$B$6,32,((1-Dashboard!$B$5+Dashboard!$B$6)^32-1)/(Dashboard!$B$6-Dashboard!$B$5)),IF(Dashboard!$B$14="LTV per Customer ($)",IF($B4>0,Dashboard!$B$4*IF(Dashboard!$B$5=Dashboard!$B$6,32,((1-Dashboard!$B$5+Dashboard!$B$6)^32-1)/(Dashboard!$B$6-Dashboard!$B$5)),0),""))))) -> 0.10543175 | AI4: =IF(Dashboard!$B$14="Retention %",(1-Dashboard!$B$5)^32,IF(Dashboard!$B$14="MRR ($)",$B4*Dashboard!$B$4*(1-Dashboard!$B$5+Dashboard!$B$6)^32,IF(Dashboard!$B$14="Churned Customers",$B4*(1-(1-Dashboard!$B$5)^32),IF(Dashboard!$B$14="Cumulative Revenue ($)",$B4*Dashboard!$B$4*IF(Dashboard!$B$5=Dashboard!$B$6,33,((1-Dashboard!$B$5+Dashboard!$B$6)^33-1)/(Dashboard!$B$6-Dashboard!$B$5)),IF(Dashboard!$B$14="LTV per Customer ($)",IF($B4>0,Dashboard!$B$4*IF(Dashboard!$B$5=Dashboard!$B$6,33,((1-Dashboard!$B$5+Dashboard!$B$6)^33-1)/(Dashboard!$B$6-Dashboard!$B$5)),0),""))))) -> 0.098051525 | AJ4: =IF(Dashboard!$B$14="Retention %",(1-Dashboard!$B$5)^33,IF(Dashboard!$B$14="MRR ($)",$B4*Dashboard!$B$4*(1-Dashboard!$B$5+Dashboard!$B$6)^33,IF(Dashboard!$B$14="Churned Customers",$B4*(1-(1-Dashboard!$B$5)^33),IF(Dashboard!$B$14="Cumulative Revenue ($)",$B4*Dashboard!$B$4*IF(Dashboard!$B$5=Dashboard!$B$6,34,((1-Dashboard!$B$5+Dashboard!$B$6)^34-1)/(Dashboard!$B$6-Dashboard!$B$5)),IF(Dashboard!$B$14="LTV per Customer ($)",IF($B4>0,Dashboard!$B$4*IF(Dashboard!$B$5=Dashboard!$B$6,34,((1-Dashboard!$B$5+Dashboard!$B$6)^34-1)/(Dashboard!$B$6-Dashboard!$B$5)),0),""))))) -> 0.091187918 | AK4: =IF(Dashboard!$B$14="Retention %",(1-Dashboard!$B$5)^34,IF(Dashboard!$B$14="MRR ($)",$B4*Dashboard!$B$4*(1-Dashboard!$B$5+Dashboard!$B$6)^34,IF(Dashboard!$B$14="Churned Customers",$B4*(1-(1-Dashboard!$B$5)^34),IF(Dashboard!$B$14="Cumulative Revenue ($)",$B4*Dashboard!$B$4*IF(Dashboard!$B$5=Dashboard!$B$6,35,((1-Dashboard!$B$5+Dashboard!$B$6)^35-1)/(Dashboard!$B$6-Dashboard!$B$5)),IF(Dashboard!$B$14="LTV per Customer ($)",IF($B4>0,Dashboard!$B$4*IF(Dashboard!$B$5=Dashboard!$B$6,35,((1-Dashboard!$B$5+Dashboard!$B$6)^35-1)/(Dashboard!$B$6-Dashboard!$B$5)),0),""))))) -> 0.084804764
A5: Mar '23 Cohort | B5: 1 | C5: =IF(Dashboard!$B$14="Retention %",1,IF(Dashboard!$B$14="MRR ($)",$B5*Dashboard!$B$4,IF(Dashboard!$B$14="Churned Customers",0,IF(Dashboard!$B$14="Cumulative Revenue ($)",$B5*Dashboard!$B$4,IF(Dashboard!$B$14="LTV per Customer ($)",IF($B5>0,Dashboard!$B$4,0),""))))) -> 1 | D5: =IF(Dashboard!$B$14="Retention %",(1-Dashboard!$B$5)^1,IF(Dashboard!$B$14="MRR ($)",$B5*Dashboard!$B$4*(1-Dashboard!$B$5+Dashboard!$B$6)^1,IF(Dashboard!$B$14="Churned Customers",$B5*(1-(1-Dashboard!$B$5)^1),IF(Dashboard!$B$14="Cumulative Revenue ($)",$B5*Dashboard!$B$4*IF(Dashboard!$B$5=Dashboard!$B$6,2,((1-Dashboard!$B$5+Dashboard!$B$6)^2-1)/(Dashboard!$B$6-Dashboard!$B$5)),IF(Dashboard!$B$14="LTV per Customer ($)",IF($B5>0,Dashboard!$B$4*IF(Dashboard!$B$5=Dashboard!$B$6,2,((1-Dashboard!$B$5+Dashboard!$B$6)^2-1)/(Dashboard!$B$6-Dashboard!$B$5)),0),""))))) -> 0.93 | E5: =IF(Dashboard!$B$14="Retention %",(1-Dashboard!$B$5)^2,IF(Dashboard!$B$14="MRR ($)",$B5*Dashboard!$B$4*(1-Dashboard!$B$5+Dashboard!$B$6)^2,IF(Dashboard!$B$14="Churned Customers",$B5*(1-(1-Dashboard!$B$5)^2),IF(Dashboard!$B$14="Cumulative Revenue ($)",$B5*Dashboard!$B$4*IF(Dashboard!$B$5=Dashboard!$B$6,3,((1-Dashboard!$B$5+Dashboard!$B$6)^3-1)/(Dashboard!$B$6-Dashboard!$B$5)),IF(Dashboard!$B$14="LTV per Customer ($)",IF($B5>0,Dashboard!$B$4*IF(Dashboard!$B$5=Dashboard!$B$6,3,((1-Dashboard!$B$5+Dashboard!$B$6)^3-1)/(Dashboard!$B$6-Dashboard!$B$5)),0),""))))) -> 0.8649 | F5: =IF(Dashboard!$B$14="Retention %",(1-Dashboard!$B$5)^3,IF(Dashboard!$B$14="MRR ($)",$B5*Dashboard!$B$4*(1-Dashboard!$B$5+Dashboard!$B$6)^3,IF(Dashboard!$B$14="Churned Customers",$B5*(1-(1-Dashboard!$B$5)^3),IF(Dashboard!$B$14="Cumulative Revenue ($)",$B5*Dashboard!$B$4*IF(Dashboard!$B$5=Dashboard!$B$6,4,((1-Dashboard!$B$5+Dashboard!$B$6)^4-1)/(Dashboard!$B$6-Dashboard!$B$5)),IF(Dashboard!$B$14="LTV per Customer ($)",IF($B5>0,Dashboard!$B$4*IF(Dashboard!$B$5=Dashboard!$B$6,4,((1-Dashboard!$B$5+Dashboard!$B$6)^4-1)/(Dashboard!$B$6-Dashboard!$B$5)),0),""))))) -> 0.804357 | G5: =IF(Dashboard!$B$14="Retention %",(1-Dashboard!$B$5)^4,IF(Dashboard!$B$14="MRR ($)",$B5*Dashboard!$B$4*(1-Dashboard!$B$5+Dashboard!$B$6)^4,IF(Dashboard!$B$14="Churned Customers",$B5*(1-(1-Dashboard!$B$5)^4),IF(Dashboard!$B$14="Cumulative Revenue ($)",$B5*Dashboard!$B$4*IF(Dashboard!$B$5=Dashboard!$B$6,5,((1-Dashboard!$B$5+Dashboard!$B$6)^5-1)/(Dashboard!$B$6-Dashboard!$B$5)),IF(Dashboard!$B$14="LTV per Customer ($)",IF($B5>0,Dashboard!$B$4*IF(Dashboard!$B$5=Dashboard!$B$6,5,((1-Dashboard!$B$5+Dashboard!$B$6)^5-1)/(Dashboard!$B$6-Dashboard!$B$5)),0),""))))) -> 0.74805201 | H5: =IF(Dashboard!$B$14="Retention %",(1-Dashboard!$B$5)^5,IF(Dashboard!$B$14="MRR ($)",$B5*Dashboard!$B$4*(1-Dashboard!$B$5+Dashboard!$B$6)^5,IF(Dashboard!$B$14="Churned Customers",$B5*(1-(1-Dashboard!$B$5)^5),IF(Dashboard!$B$14="Cumulative Revenue ($)",$B5*Dashboard!$B$4*IF(Dashboard!$B$5=Dashboard!$B$6,6,((1-Dashboard!$B$5+Dashboard!$B$6)^6-1)/(Dashboard!$B$6-Dashboard!$B$5)),IF(Dashboard!$B$14="LTV per Customer ($)",IF($B5>0,Dashboard!$B$4*IF(Dashboard!$B$5=Dashboard!$B$6,6,((1-Dashboard!$B$5+Dashboard!$B$6)^6-1)/(Dashboard!$B$6-Dashboard!$B$5)),0),""))))) -> 0.69568837 | I5: =IF(Dashboard!$B$14="Retention %",(1-Dashboard!$B$5)^6,IF(Dashboard!$B$14="MRR ($)",$B5*Dashboard!$B$4*(1-Dashboard!$B$5+Dashboard!$B$6)^6,IF(Dashboard!$B$14="Churned Customers",$B5*(1-(1-Dashboard!$B$5)^6),IF(Dashboard!$B$14="Cumulative Revenue ($)",$B5*Dashboard!$B$4*IF(Dashboard!$B$5=Dashboard!$B$6,7,((1-Dashboard!$B$5+Dashboard!$B$6)^7-1)/(Dashboard!$B$6-Dashboard!$B$5)),IF(Dashboard!$B$14="LTV per Customer ($)",IF($B5>0,Dashboard!$B$4*IF(Dashboard!$B$5=Dashboard!$B$6,7,((1-Dashboard!$B$5+Dashboard!$B$6)^7-1)/(Dashboard!$B$6-Dashboard!$B$5)),0),""))))) -> 0.64699018 | J5: =IF(Dashboard!$B$14="Retention %",(1-Dashboard!$B$5)^7,IF(Dashboard!$B$14="MRR ($)",$B5*Dashboard!$B$4*(1-Dashboard!$B$5+Dashboard!$B$6)^7,IF(Dashboard!$B$14="Churned Customers",$B5*(1-(1-Dashboard!$B$5)^7),IF(Dashboard!$B$14="Cumulative Revenue ($)",$B5*Dashboard!$B$4*IF(Dashboard!$B$5=Dashboard!$B$6,8,((1-Dashboard!$B$5+Dashboard!$B$6)^8-1)/(Dashboard!$B$6-Dashboard!$B$5)),IF(Dashboard!$B$14="LTV per Customer ($)",IF($B5>0,Dashboard!$B$4*IF(Dashboard!$B$5=Dashboard!$B$6,8,((1-Dashboard!$B$5+Dashboard!$B$6)^8-1)/(Dashboard!$B$6-Dashboard!$B$5)),0),""))))) -> 0.60170087 | K5: =IF(Dashboard!$B$14="Retention %",(1-Dashboard!$B$5)^8,IF(Dashboard!$B$14="MRR ($)",$B5*Dashboard!$B$4*(1-Dashboard!$B$5+Dashboard!$B$6)^8,IF(Dashboard!$B$14="Churned Customers",$B5*(1-(1-Dashboard!$B$5)^8),IF(Dashboard!$B$14="Cumulative Revenue ($)",$B5*Dashboard!$B$4*IF(Dashboard!$B$5=Dashboard!$B$6,9,((1-Dashboard!$B$5+Dashboard!$B$6)^9-1)/(Dashboard!$B$6-Dashboard!$B$5)),IF(Dashboard!$B$14="LTV per Customer ($)",IF($B5>0,Dashboard!$B$4*IF(Dashboard!$B$5=Dashboard!$B$6,9,((1-Dashboard!$B$5+Dashboard!$B$6)^9-1)/(Dashboard!$B$6-Dashboard!$B$5)),0),""))))) -> 0.55958181 | L5: =IF(Dashboard!$B$14="Retention %",(1-Dashboard!$B$5)^9,IF(Dashboard!$B$14="MRR ($)",$B5*Dashboard!$B$4*(1-Dashboard!$B$5+Dashboard!$B$6)^9,IF(Dashboard!$B$14="Churned Customers",$B5*(1-(1-Dashboard!$B$5)^9),IF(Dashboard!$B$14="Cumulative Revenue ($)",$B5*Dashboard!$B$4*IF(Dashboard!$B$5=Dashboard!$B$6,10,((1-Dashboard!$B$5+Dashboard!$B$6)^10-1)/(Dashboard!$B$6-Dashboard!$B$5)),IF(Dashboard!$B$14="LTV per Customer ($)",IF($B5>0,Dashboard!$B$4*IF(Dashboard!$B$5=Dashboard!$B$6,10,((1-Dashboard!$B$5+Dashboard!$B$6)^10-1)/(Dashboard!$B$6-Dashboard!$B$5)),0),""))))) -> 0.52041108 | M5: =IF(Dashboard!$B$14="Retention %",(1-Dashboard!$B$5)^10,IF(Dashboard!$B$14="MRR ($)",$B5*Dashboard!$B$4*(1-Dashboard!$B$5+Dashboard!$B$6)^10,IF(Dashboard!$B$14="Churned Customers",$B5*(1-(1-Dashboard!$B$5)^10),IF(Dashboard!$B$14="Cumulative Revenue ($)",$B5*Dashboard!$B$4*IF(Dashboard!$B$5=Dashboard!$B$6,11,((1-Dashboard!$B$5+Dashboard!$B$6)^11-1)/(Dashboard!$B$6-Dashboard!$B$5)),IF(Dashboard!$B$14="LTV per Customer ($)",IF($B5>0,Dashboard!$B$4*IF(Dashboard!$B$5=Dashboard!$B$6,11,((1-Dashboard!$B$5+Dashboard!$B$6)^11-1)/(Dashboard!$B$6-Dashboard!$B$5)),0),""))))) -> 0.48398231 | N5: =IF(Dashboard!$B$14="Retention %",(1-Dashboard!$B$5)^11,IF(Dashboard!$B$14="MRR ($)",$B5*Dashboard!$B$4*(1-Dashboard!$B$5+Dashboard!$B$6)^11,IF(Dashboard!$B$14="Churned Customers",$B5*(1-(1-Dashboard!$B$5)^11),IF(Dashboard!$B$14="Cumulative Revenue ($)",$B5*Dashboard!$B$4*IF(Dashboard!$B$5=Dashboard!$B$6,12,((1-Dashboard!$B$5+Dashboard!$B$6)^12-1)/(Dashboard!$B$6-Dashboard!$B$5)),IF(Dashboard!$B$14="LTV per Customer ($)",IF($B5>0,Dashboard!$B$4*IF(Dashboard!$B$5=Dashboard!$B$6,12,((1-Dashboard!$B$5+Dashboard!$B$6)^12-1)/(Dashboard!$B$6-Dashboard!$B$5)),0),""))))) -> 0.45010355 | O5: =IF(Dashboard!$B$14="Retention %",(1-Dashboard!$B$5)^12,IF(Dashboard!$B$14="MRR ($)",$B5*Dashboard!$B$4*(1-Dashboard!$B$5+Dashboard!$B$6)^12,IF(Dashboard!$B$14="Churned Customers",$B5*(1-(1-Dashboard!$B$5)^12),IF(Dashboard!$B$14="Cumulative Revenue ($)",$B5*Dashboard!$B$4*IF(Dashboard!$B$5=Dashboard!$B$6,13,((1-Dashboard!$B$5+Dashboard!$B$6)^13-1)/(Dashboard!$B$6-Dashboard!$B$5)),IF(Dashboard!$B$14="LTV per Customer ($)",IF($B5>0,Dashboard!$B$4*IF(Dashboard!$B$5=Dashboard!$B$6,13,((1-Dashboard!$B$5+Dashboard!$B$6)^13-1)/(Dashboard!$B$6-Dashboard!$B$5)),0),""))))) -> 0.4185963 | P5: =IF(Dashboard!$B$14="Retention %",(1-Dashboard!$B$5)^13,IF(Dashboard!$B$14="MRR ($)",$B5*Dashboard!$B$4*(1-Dashboard!$B$5+Dashboard!$B$6)^13,IF(Dashboard!$B$14="Churned Customers",$B5*(1-(1-Dashboard!$B$5)^13),IF(Dashboard!$B$14="Cumulative Revenue ($)",$B5*Dashboard!$B$4*IF(Dashboard!$B$5=Dashboard!$B$6,14,((1-Dashboard!$B$5+Dashboard!$B$6)^14-1)/(Dashboard!$B$6-Dashboard!$B$5)),IF(Dashboard!$B$14="LTV per Customer ($)",IF($B5>0,Dashboard!$B$4*IF(Dashboard!$B$5=Dashboard!$B$6,14,((1-Dashboard!$B$5+Dashboard!$B$6)^14-1)/(Dashboard!$B$6-Dashboard!$B$5)),0),""))))) -> 0.38929456 | Q5: =IF(Dashboard!$B$14="Retention %",(1-Dashboard!$B$5)^14,IF(Dashboard!$B$14="MRR ($)",$B5*Dashboard!$B$4*(1-Dashboard!$B$5+Dashboard!$B$6)^14,IF(Dashboard!$B$14="Churned Customers",$B5*(1-(1-Dashboard!$B$5)^14),IF(Dashboard!$B$14="Cumulative Revenue ($)",$B5*Dashboard!$B$4*IF(Dashboard!$B$5=Dashboard!$B$6,15,((1-Dashboard!$B$5+Dashboard!$B$6)^15-1)/(Dashboard!$B$6-Dashboard!$B$5)),IF(Dashboard!$B$14="LTV per Customer ($)",IF($B5>0,Dashboard!$B$4*IF(Dashboard!$B$5=Dashboard!$B$6,15,((1-Dashboard!$B$5+Dashboard!$B$6)^15-1)/(Dashboard!$B$6-Dashboard!$B$5)),0),""))))) -> 0.36204394 | R5: =IF(Dashboard!$B$14="Retention %",(1-Dashboard!$B$5)^15,IF(Dashboard!$B$14="MRR ($)",$B5*Dashboard!$B$4*(1-Dashboard!$B$5+Dashboard!$B$6)^15,IF(Dashboard!$B$14="Churned Customers",$B5*(1-(1-Dashboard!$B$5)^15),IF(Dashboard!$B$14="Cumulative Revenue ($)",$B5*Dashboard!$B$4*IF(Dashboard!$B$5=Dashboard!$B$6,16,((1-Dashboard!$B$5+Dashboard!$B$6)^16-1)/(Dashboard!$B$6-Dashboard!$B$5)),IF(Dashboard!$B$14="LTV per Customer ($)",IF($B5>0,Dashboard!$B$4*IF(Dashboard!$B$5=Dashboard!$B$6,16,((1-Dashboard!$B$5+Dashboard!$B$6)^16-1)/(Dashboard!$B$6-Dashboard!$B$5)),0),""))))) -> 0.33670086 | S5: =IF(Dashboard!$B$14="Retention %",(1-Dashboard!$B$5)^16,IF(Dashboard!$B$14="MRR ($)",$B5*Dashboard!$B$4*(1-Dashboard!$B$5+Dashboard!$B$6)^16,IF(Dashboard!$B$14="Churned Customers",$B5*(1-(1-Dashboard!$B$5)^16),IF(Dashboard!$B$14="Cumulative Revenue ($)",$B5*Dashboard!$B$4*IF(Dashboard!$B$5=Dashboard!$B$6,17,((1-Dashboard!$B$5+Dashboard!$B$6)^17-1)/(Dashboard!$B$6-Dashboard!$B$5)),IF(Dashboard!$B$14="LTV per Customer ($)",IF($B5>0,Dashboard!$B$4*IF(Dashboard!$B$5=Dashboard!$B$6,17,((1-Dashboard!$B$5+Dashboard!$B$6)^17-1)/(Dashboard!$B$6-Dashboard!$B$5)),0),""))))) -> 0.3131318 | T5: =IF(Dashboard!$B$14="Retention %",(1-Dashboard!$B$5)^17,IF(Dashboard!$B$14="MRR ($)",$B5*Dashboard!$B$4*(1-Dashboard!$B$5+Dashboard!$B$6)^17,IF(Dashboard!$B$14="Churned Customers",$B5*(1-(1-Dashboard!$B$5)^17),IF(Dashboard!$B$14="Cumulative Revenue ($)",$B5*Dashboard!$B$4*IF(Dashboard!$B$5=Dashboard!$B$6,18,((1-Dashboard!$B$5+Dashboard!$B$6)^18-1)/(Dashboard!$B$6-Dashboard!$B$5)),IF(Dashboard!$B$14="LTV per Customer ($)",IF($B5>0,Dashboard!$B$4*IF(Dashboard!$B$5=Dashboard!$B$6,18,((1-Dashboard!$B$5+Dashboard!$B$6)^18-1)/(Dashboard!$B$6-Dashboard!$B$5)),0),""))))) -> 0.29121258 | U5: =IF(Dashboard!$B$14="Retention %",(1-Dashboard!$B$5)^18,IF(Dashboard!$B$14="MRR ($)",$B5*Dashboard!$B$4*(1-Dashboard!$B$5+Dashboard!$B$6)^18,IF(Dashboard!$B$14="Churned Customers",$B5*(1-(1-Dashboard!$B$5)^18),IF(Dashboard!$B$14="Cumulative Revenue ($)",$B5*Dashboard!$B$4*IF(Dashboard!$B$5=Dashboard!$B$6,19,((1-Dashboard!$B$5+Dashboard!$B$6)^19-1)/(Dashboard!$B$6-Dashboard!$B$5)),IF(Dashboard!$B$14="LTV per Customer ($)",IF($B5>0,Dashboard!$B$4*IF(Dashboard!$B$5=Dashboard!$B$6,19,((1-Dashboard!$B$5+Dashboard!$B$6)^19-1)/(Dashboard!$B$6-Dashboard!$B$5)),0),""))))) -> 0.2708277 | V5: =IF(Dashboard!$B$14="Retention %",(1-Dashboard!$B$5)^19,IF(Dashboard!$B$14="MRR ($)",$B5*Dashboard!$B$4*(1-Dashboard!$B$5+Dashboard!$B$6)^19,IF(Dashboard!$B$14="Churned Customers",$B5*(1-(1-Dashboard!$B$5)^19),IF(Dashboard!$B$14="Cumulative Revenue ($)",$B5*Dashboard!$B$4*IF(Dashboard!$B$5=Dashboard!$B$6,20,((1-Dashboard!$B$5+Dashboard!$B$6)^20-1)/(Dashboard!$B$6-Dashboard!$B$5)),IF(Dashboard!$B$14="LTV per Customer ($)",IF($B5>0,Dashboard!$B$4*IF(Dashboard!$B$5=Dashboard!$B$6,20,((1-Dashboard!$B$5+Dashboard!$B$6)^20-1)/(Dashboard!$B$6-Dashboard!$B$5)),0),""))))) -> 0.25186976 | W5: =IF(Dashboard!$B$14="Retention %",(1-Dashboard!$B$5)^20,IF(Dashboard!$B$14="MRR ($)",$B5*Dashboard!$B$4*(1-Dashboard!$B$5+Dashboard!$B$6)^20,IF(Dashboard!$B$14="Churned Customers",$B5*(1-(1-Dashboard!$B$5)^20),IF(Dashboard!$B$14="Cumulative Revenue ($)",$B5*Dashboard!$B$4*IF(Dashboard!$B$5=Dashboard!$B$6,21,((1-Dashboard!$B$5+Dashboard!$B$6)^21-1)/(Dashboard!$B$6-Dashboard!$B$5)),IF(Dashboard!$B$14="LTV per Customer ($)",IF($B5>0,Dashboard!$B$4*IF(Dashboard!$B$5=Dashboard!$B$6,21,((1-Dashboard!$B$5+Dashboard!$B$6)^21-1)/(Dashboard!$B$6-Dashboard!$B$5)),0),""))))) -> 0.23423887 | X5: =IF(Dashboard!$B$14="Retention %",(1-Dashboard!$B$5)^21,IF(Dashboard!$B$14="MRR ($)",$B5*Dashboard!$B$4*(1-Dashboard!$B$5+Dashboard!$B$6)^21,IF(Dashboard!$B$14="Churned Customers",$B5*(1-(1-Dashboard!$B$5)^21),IF(Dashboard!$B$14="Cumulative Revenue ($)",$B5*Dashboard!$B$4*IF(Dashboard!$B$5=Dashboard!$B$6,22,((1-Dashboard!$B$5+Dashboard!$B$6)^22-1)/(Dashboard!$B$6-Dashboard!$B$5)),IF(Dashboard!$B$14="LTV per Customer ($)",IF($B5>0,Dashboard!$B$4*IF(Dashboard!$B$5=Dashboard!$B$6,22,((1-Dashboard!$B$5+Dashboard!$B$6)^22-1)/(Dashboard!$B$6-Dashboard!$B$5)),0),""))))) -> 0.21784215 | Y5: =IF(Dashboard!$B$14="Retention %",(1-Dashboard!$B$5)^22,IF(Dashboard!$B$14="MRR ($)",$B5*Dashboard!$B$4*(1-Dashboard!$B$5+Dashboard!$B$6)^22,IF(Dashboard!$B$14="Churned Customers",$B5*(1-(1-Dashboard!$B$5)^22),IF(Dashboard!$B$14="Cumulative Revenue ($)",$B5*Dashboard!$B$4*IF(Dashboard!$B$5=Dashboard!$B$6,23,((1-Dashboard!$B$5+Dashboard!$B$6)^23-1)/(Dashboard!$B$6-Dashboard!$B$5)),IF(Dashboard!$B$14="LTV per Customer ($)",IF($B5>0,Dashboard!$B$4*IF(Dashboard!$B$5=Dashboard!$B$6,23,((1-Dashboard!$B$5+Dashboard!$B$6)^23-1)/(Dashboard!$B$6-Dashboard!$B$5)),0),""))))) -> 0.2025932 | Z5: =IF(Dashboard!$B$14="Retention %",(1-Dashboard!$B$5)^23,IF(Dashboard!$B$14="MRR ($)",$B5*Dashboard!$B$4*(1-Dashboard!$B$5+Dashboard!$B$6)^23,IF(Dashboard!$B$14="Churned Customers",$B5*(1-(1-Dashboard!$B$5)^23),IF(Dashboard!$B$14="Cumulative Revenue ($)",$B5*Dashboard!$B$4*IF(Dashboard!$B$5=Dashboard!$B$6,24,((1-Dashboard!$B$5+Dashboard!$B$6)^24-1)/(Dashboard!$B$6-Dashboard!$B$5)),IF(Dashboard!$B$14="LTV per Customer ($)",IF($B5>0,Dashboard!$B$4*IF(Dashboard!$B$5=Dashboard!$B$6,24,((1-Dashboard!$B$5+Dashboard!$B$6)^24-1)/(Dashboard!$B$6-Dashboard!$B$5)),0),""))))) -> 0.18841168 | AA5: =IF(Dashboard!$B$14="Retention %",(1-Dashboard!$B$5)^24,IF(Dashboard!$B$14="MRR ($)",$B5*Dashboard!$B$4*(1-Dashboard!$B$5+Dashboard!$B$6)^24,IF(Dashboard!$B$14="Churned Customers",$B5*(1-(1-Dashboard!$B$5)^24),IF(Dashboard!$B$14="Cumulative Revenue ($)",$B5*Dashboard!$B$4*IF(Dashboard!$B$5=Dashboard!$B$6,25,((1-Dashboard!$B$5+Dashboard!$B$6)^25-1)/(Dashboard!$B$6-Dashboard!$B$5)),IF(Dashboard!$B$14="LTV per Customer ($)",IF($B5>0,Dashboard!$B$4*IF(Dashboard!$B$5=Dashboard!$B$6,25,((1-Dashboard!$B$5+Dashboard!$B$6)^25-1)/(Dashboard!$B$6-Dashboard!$B$5)),0),""))))) -> 0.17522286 | AB5: =IF(Dashboard!$B$14="Retention %",(1-Dashboard!$B$5)^25,IF(Dashboard!$B$14="MRR ($)",$B5*Dashboard!$B$4*(1-Dashboard!$B$5+Dashboard!$B$6)^25,IF(Dashboard!$B$14="Churned Customers",$B5*(1-(1-Dashboard!$B$5)^25),IF(Dashboard!$B$14="Cumulative Revenue ($)",$B5*Dashboard!$B$4*IF(Dashboard!$B$5=Dashboard!$B$6,26,((1-Dashboard!$B$5+Dashboard!$B$6)^26-1)/(Dashboard!$B$6-Dashboard!$B$5)),IF(Dashboard!$B$14="LTV per Customer ($)",IF($B5>0,Dashboard!$B$4*IF(Dashboard!$B$5=Dashboard!$B$6,26,((1-Dashboard!$B$5+Dashboard!$B$6)^26-1)/(Dashboard!$B$6-Dashboard!$B$5)),0),""))))) -> 0.16295726 | AC5: =IF(Dashboard!$B$14="Retention %",(1-Dashboard!$B$5)^26,IF(Dashboard!$B$14="MRR ($)",$B5*Dashboard!$B$4*(1-Dashboard!$B$5+Dashboard!$B$6)^26,IF(Dashboard!$B$14="Churned Customers",$B5*(1-(1-Dashboard!$B$5)^26),IF(Dashboard!$B$14="Cumulative Revenue ($)",$B5*Dashboard!$B$4*IF(Dashboard!$B$5=Dashboard!$B$6,27,((1-Dashboard!$B$5+Dashboard!$B$6)^27-1)/(Dashboard!$B$6-Dashboard!$B$5)),IF(Dashboard!$B$14="LTV per Customer ($)",IF($B5>0,Dashboard!$B$4*IF(Dashboard!$B$5=Dashboard!$B$6,27,((1-Dashboard!$B$5+Dashboard!$B$6)^27-1)/(Dashboard!$B$6-Dashboard!$B$5)),0),""))))) -> 0.15155025 | AD5: =IF(Dashboard!$B$14="Retention %",(1-Dashboard!$B$5)^27,IF(Dashboard!$B$14="MRR ($)",$B5*Dashboard!$B$4*(1-Dashboard!$B$5+Dashboard!$B$6)^27,IF(Dashboard!$B$14="Churned Customers",$B5*(1-(1-Dashboard!$B$5)^27),IF(Dashboard!$B$14="Cumulative Revenue ($)",$B5*Dashboard!$B$4*IF(Dashboard!$B$5=Dashboard!$B$6,28,((1-Dashboard!$B$5+Dashboard!$B$6)^28-1)/(Dashboard!$B$6-Dashboard!$B$5)),IF(Dashboard!$B$14="LTV per Customer ($)",IF($B5>0,Dashboard!$B$4*IF(Dashboard!$B$5=Dashboard!$B$6,28,((1-Dashboard!$B$5+Dashboard!$B$6)^28-1)/(Dashboard!$B$6-Dashboard!$B$5)),0),""))))) -> 0.14094173 | AE5: =IF(Dashboard!$B$14="Retention %",(1-Dashboard!$B$5)^28,IF(Dashboard!$B$14="MRR ($)",$B5*Dashboard!$B$4*(1-Dashboard!$B$5+Dashboard!$B$6)^28,IF(Dashboard!$B$14="Churned Customers",$B5*(1-(1-Dashboard!$B$5)^28),IF(Dashboard!$B$14="Cumulative Revenue ($)",$B5*Dashboard!$B$4*IF(Dashboard!$B$5=Dashboard!$B$6,29,((1-Dashboard!$B$5+Dashboard!$B$6)^29-1)/(Dashboard!$B$6-Dashboard!$B$5)),IF(Dashboard!$B$14="LTV per Customer ($)",IF($B5>0,Dashboard!$B$4*IF(Dashboard!$B$5=Dashboard!$B$6,29,((1-Dashboard!$B$5+Dashboard!$B$6)^29-1)/(Dashboard!$B$6-Dashboard!$B$5)),0),""))))) -> 0.13107581 | AF5: =IF(Dashboard!$B$14="Retention %",(1-Dashboard!$B$5)^29,IF(Dashboard!$B$14="MRR ($)",$B5*Dashboard!$B$4*(1-Dashboard!$B$5+Dashboard!$B$6)^29,IF(Dashboard!$B$14="Churned Customers",$B5*(1-(1-Dashboard!$B$5)^29),IF(Dashboard!$B$14="Cumulative Revenue ($)",$B5*Dashboard!$B$4*IF(Dashboard!$B$5=Dashboard!$B$6,30,((1-Dashboard!$B$5+Dashboard!$B$6)^30-1)/(Dashboard!$B$6-Dashboard!$B$5)),IF(Dashboard!$B$14="LTV per Customer ($)",IF($B5>0,Dashboard!$B$4*IF(Dashboard!$B$5=Dashboard!$B$6,30,((1-Dashboard!$B$5+Dashboard!$B$6)^30-1)/(Dashboard!$B$6-Dashboard!$B$5)),0),""))))) -> 0.12190051 | AG5: =IF(Dashboard!$B$14="Retention %",(1-Dashboard!$B$5)^30,IF(Dashboard!$B$14="MRR ($)",$B5*Dashboard!$B$4*(1-Dashboard!$B$5+Dashboard!$B$6)^30,IF(Dashboard!$B$14="Churned Customers",$B5*(1-(1-Dashboard!$B$5)^30),IF(Dashboard!$B$14="Cumulative Revenue ($)",$B5*Dashboard!$B$4*IF(Dashboard!$B$5=Dashboard!$B$6,31,((1-Dashboard!$B$5+Dashboard!$B$6)^31-1)/(Dashboard!$B$6-Dashboard!$B$5)),IF(Dashboard!$B$14="LTV per Customer ($)",IF($B5>0,Dashboard!$B$4*IF(Dashboard!$B$5=Dashboard!$B$6,31,((1-Dashboard!$B$5+Dashboard!$B$6)^31-1)/(Dashboard!$B$6-Dashboard!$B$5)),0),""))))) -> 0.11336747 | AH5: =IF(Dashboard!$B$14="Retention %",(1-Dashboard!$B$5)^31,IF(Dashboard!$B$14="MRR ($)",$B5*Dashboard!$B$4*(1-Dashboard!$B$5+Dashboard!$B$6)^31,IF(Dashboard!$B$14="Churned Customers",$B5*(1-(1-Dashboard!$B$5)^31),IF(Dashboard!$B$14="Cumulative Revenue ($)",$B5*Dashboard!$B$4*IF(Dashboard!$B$5=Dashboard!$B$6,32,((1-Dashboard!$B$5+Dashboard!$B$6)^32-1)/(Dashboard!$B$6-Dashboard!$B$5)),IF(Dashboard!$B$14="LTV per Customer ($)",IF($B5>0,Dashboard!$B$4*IF(Dashboard!$B$5=Dashboard!$B$6,32,((1-Dashboard!$B$5+Dashboard!$B$6)^32-1)/(Dashboard!$B$6-Dashboard!$B$5)),0),""))))) -> 0.10543175 | AI5: =IF(Dashboard!$B$14="Retention %",(1-Dashboard!$B$5)^32,IF(Dashboard!$B$14="MRR ($)",$B5*Dashboard!$B$4*(1-Dashboard!$B$5+Dashboard!$B$6)^32,IF(Dashboard!$B$14="Churned Customers",$B5*(1-(1-Dashboard!$B$5)^32),IF(Dashboard!$B$14="Cumulative Revenue ($)",$B5*Dashboard!$B$4*IF(Dashboard!$B$5=Dashboard!$B$6,33,((1-Dashboard!$B$5+Dashboard!$B$6)^33-1)/(Dashboard!$B$6-Dashboard!$B$5)),IF(Dashboard!$B$14="LTV per Customer ($)",IF($B5>0,Dashboard!$B$4*IF(Dashboard!$B$5=Dashboard!$B$6,33,((1-Dashboard!$B$5+Dashboard!$B$6)^33-1)/(Dashboard!$B$6-Dashboard!$B$5)),0),""))))) -> 0.098051525 | AJ5: =IF(Dashboard!$B$14="Retention %",(1-Dashboard!$B$5)^33,IF(Dashboard!$B$14="MRR ($)",$B5*Dashboard!$B$4*(1-Dashboard!$B$5+Dashboard!$B$6)^33,IF(Dashboard!$B$14="Churned Customers",$B5*(1-(1-Dashboard!$B$5)^33),IF(Dashboard!$B$14="Cumulative Revenue ($)",$B5*Dashboard!$B$4*IF(Dashboard!$B$5=Dashboard!$B$6,34,((1-Dashboard!$B$5+Dashboard!$B$6)^34-1)/(Dashboard!$B$6-Dashboard!$B$5)),IF(Dashboard!$B$14="LTV per Customer ($)",IF($B5>0,Dashboard!$B$4*IF(Dashboard!$B$5=Dashboard!$B$6,34,((1-Dashboard!$B$5+Dashboard!$B$6)^34-1)/(Dashboard!$B$6-Dashboard!$B$5)),0),""))))) -> 0.091187918
A6: Apr '23 Cohort | B6: 1 | C6: =IF(Dashboard!$B$14="Retention %",1,IF(Dashboard!$B$14="MRR ($)",$B6*Dashboard!$B$4,IF(Dashboard!$B$14="Churned Customers",0,IF(Dashboard!$B$14="Cumulative Revenue ($)",$B6*Dashboard!$B$4,IF(Dashboard!$B$14="LTV per Customer ($)",IF($B6>0,Dashboard!$B$4,0),""))))) -> 1 | D6: =IF(Dashboard!$B$14="Retention %",(1-Dashboard!$B$5)^1,IF(Dashboard!$B$14="MRR ($)",$B6*Dashboard!$B$4*(1-Dashboard!$B$5+Dashboard!$B$6)^1,IF(Dashboard!$B$14="Churned Customers",$B6*(1-(1-Dashboard!$B$5)^1),IF(Dashboard!$B$14="Cumulative Revenue ($)",$B6*Dashboard!$B$4*IF(Dashboard!$B$5=Dashboard!$B$6,2,((1-Dashboard!$B$5+Dashboard!$B$6)^2-1)/(Dashboard!$B$6-Dashboard!$B$5)),IF(Dashboard!$B$14="LTV per Customer ($)",IF($B6>0,Dashboard!$B$4*IF(Dashboard!$B$5=Dashboard!$B$6,2,((1-Dashboard!$B$5+Dashboard!$B$6)^2-1)/(Dashboard!$B$6-Dashboard!$B$5)),0),""))))) -> 0.93 | E6: =IF(Dashboard!$B$14="Retention %",(1-Dashboard!$B$5)^2,IF(Dashboard!$B$14="MRR ($)",$B6*Dashboard!$B$4*(1-Dashboard!$B$5+Dashboard!$B$6)^2,IF(Dashboard!$B$14="Churned Customers",$B6*(1-(1-Dashboard!$B$5)^2),IF(Dashboard!$B$14="Cumulative Revenue ($)",$B6*Dashboard!$B$4*IF(Dashboard!$B$5=Dashboard!$B$6,3,((1-Dashboard!$B$5+Dashboard!$B$6)^3-1)/(Dashboard!$B$6-Dashboard!$B$5)),IF(Dashboard!$B$14="LTV per Customer ($)",IF($B6>0,Dashboard!$B$4*IF(Dashboard!$B$5=Dashboard!$B$6,3,((1-Dashboard!$B$5+Dashboard!$B$6)^3-1)/(Dashboard!$B$6-Dashboard!$B$5)),0),""))))) -> 0.8649 | F6: =IF(Dashboard!$B$14="Retention %",(1-Dashboard!$B$5)^3,IF(Dashboard!$B$14="MRR ($)",$B6*Dashboard!$B$4*(1-Dashboard!$B$5+Dashboard!$B$6)^3,IF(Dashboard!$B$14="Churned Customers",$B6*(1-(1-Dashboard!$B$5)^3),IF(Dashboard!$B$14="Cumulative Revenue ($)",$B6*Dashboard!$B$4*IF(Dashboard!$B$5=Dashboard!$B$6,4,((1-Dashboard!$B$5+Dashboard!$B$6)^4-1)/(Dashboard!$B$6-Dashboard!$B$5)),IF(Dashboard!$B$14="LTV per Customer ($)",IF($B6>0,Dashboard!$B$4*IF(Dashboard!$B$5=Dashboard!$B$6,4,((1-Dashboard!$B$5+Dashboard!$B$6)^4-1)/(Dashboard!$B$6-Dashboard!$B$5)),0),""))))) -> 0.804357 | G6: =IF(Dashboard!$B$14="Retention %",(1-Dashboard!$B$5)^4,IF(Dashboard!$B$14="MRR ($)",$B6*Dashboard!$B$4*(1-Dashboard!$B$5+Dashboard!$B$6)^4,IF(Dashboard!$B$14="Churned Customers",$B6*(1-(1-Dashboard!$B$5)^4),IF(Dashboard!$B$14="Cumulative Revenue ($)",$B6*Dashboard!$B$4*IF(Dashboard!$B$5=Dashboard!$B$6,5,((1-Dashboard!$B$5+Dashboard!$B$6)^5-1)/(Dashboard!$B$6-Dashboard!$B$5)),IF(Dashboard!$B$14="LTV per Customer ($)",IF($B6>0,Dashboard!$B$4*IF(Dashboard!$B$5=Dashboard!$B$6,5,((1-Dashboard!$B$5+Dashboard!$B$6)^5-1)/(Dashboard!$B$6-Dashboard!$B$5)),0),""))))) -> 0.74805201 | H6: =IF(Dashboard!$B$14="Retention %",(1-Dashboard!$B$5)^5,IF(Dashboard!$B$14="MRR ($)",$B6*Dashboard!$B$4*(1-Dashboard!$B$5+Dashboard!$B$6)^5,IF(Dashboard!$B$14="Churned Customers",$B6*(1-(1-Dashboard!$B$5)^5),IF(Dashboard!$B$14="Cumulative Revenue ($)",$B6*Dashboard!$B$4*IF(Dashboard!$B$5=Dashboard!$B$6,6,((1-Dashboard!$B$5+Dashboard!$B$6)^6-1)/(Dashboard!$B$6-Dashboard!$B$5)),IF(Dashboard!$B$14="LTV per Customer ($)",IF($B6>0,Dashboard!$B$4*IF(Dashboard!$B$5=Dashboard!$B$6,6,((1-Dashboard!$B$5+Dashboard!$B$6)^6-1)/(Dashboard!$B$6-Dashboard!$B$5)),0),""))))) -> 0.69568837 | I6: =IF(Dashboard!$B$14="Retention %",(1-Dashboard!$B$5)^6,IF(Dashboard!$B$14="MRR ($)",$B6*Dashboard!$B$4*(1-Dashboard!$B$5+Dashboard!$B$6)^6,IF(Dashboard!$B$14="Churned Customers",$B6*(1-(1-Dashboard!$B$5)^6),IF(Dashboard!$B$14="Cumulative Revenue ($)",$B6*Dashboard!$B$4*IF(Dashboard!$B$5=Dashboard!$B$6,7,((1-Dashboard!$B$5+Dashboard!$B$6)^7-1)/(Dashboard!$B$6-Dashboard!$B$5)),IF(Dashboard!$B$14="LTV per Customer ($)",IF($B6>0,Dashboard!$B$4*IF(Dashboard!$B$5=Dashboard!$B$6,7,((1-Dashboard!$B$5+Dashboard!$B$6)^7-1)/(Dashboard!$B$6-Dashboard!$B$5)),0),""))))) -> 0.64699018 | J6: =IF(Dashboard!$B$14="Retention %",(1-Dashboard!$B$5)^7,IF(Dashboard!$B$14="MRR ($)",$B6*Dashboard!$B$4*(1-Dashboard!$B$5+Dashboard!$B$6)^7,IF(Dashboard!$B$14="Churned Customers",$B6*(1-(1-Dashboard!$B$5)^7),IF(Dashboard!$B$14="Cumulative Revenue ($)",$B6*Dashboard!$B$4*IF(Dashboard!$B$5=Dashboard!$B$6,8,((1-Dashboard!$B$5+Dashboard!$B$6)^8-1)/(Dashboard!$B$6-Dashboard!$B$5)),IF(Dashboard!$B$14="LTV per Customer ($)",IF($B6>0,Dashboard!$B$4*IF(Dashboard!$B$5=Dashboard!$B$6,8,((1-Dashboard!$B$5+Dashboard!$B$6)^8-1)/(Dashboard!$B$6-Dashboard!$B$5)),0),""))))) -> 0.60170087 | K6: =IF(Dashboard!$B$14="Retention %",(1-Dashboard!$B$5)^8,IF(Dashboard!$B$14="MRR ($)",$B6*Dashboard!$B$4*(1-Dashboard!$B$5+Dashboard!$B$6)^8,IF(Dashboard!$B$14="Churned Customers",$B6*(1-(1-Dashboard!$B$5)^8),IF(Dashboard!$B$14="Cumulative Revenue ($)",$B6*Dashboard!$B$4*IF(Dashboard!$B$5=Dashboard!$B$6,9,((1-Dashboard!$B$5+Dashboard!$B$6)^9-1)/(Dashboard!$B$6-Dashboard!$B$5)),IF(Dashboard!$B$14="LTV per Customer ($)",IF($B6>0,Dashboard!$B$4*IF(Dashboard!$B$5=Dashboard!$B$6,9,((1-Dashboard!$B$5+Dashboard!$B$6)^9-1)/(Dashboard!$B$6-Dashboard!$B$5)),0),""))))) -> 0.55958181 | L6: =IF(Dashboard!$B$14="Retention %",(1-Dashboard!$B$5)^9,IF(Dashboard!$B$14="MRR ($)",$B6*Dashboard!$B$4*(1-Dashboard!$B$5+Dashboard!$B$6)^9,IF(Dashboard!$B$14="Churned Customers",$B6*(1-(1-Dashboard!$B$5)^9),IF(Dashboard!$B$14="Cumulative Revenue ($)",$B6*Dashboard!$B$4*IF(Dashboard!$B$5=Dashboard!$B$6,10,((1-Dashboard!$B$5+Dashboard!$B$6)^10-1)/(Dashboard!$B$6-Dashboard!$B$5)),IF(Dashboard!$B$14="LTV per Customer ($)",IF($B6>0,Dashboard!$B$4*IF(Dashboard!$B$5=Dashboard!$B$6,10,((1-Dashboard!$B$5+Dashboard!$B$6)^10-1)/(Dashboard!$B$6-Dashboard!$B$5)),0),""))))) -> 0.52041108 | M6: =IF(Dashboard!$B$14="Retention %",(1-Dashboard!$B$5)^10,IF(Dashboard!$B$14="MRR ($)",$B6*Dashboard!$B$4*(1-Dashboard!$B$5+Dashboard!$B$6)^10,IF(Dashboard!$B$14="Churned Customers",$B6*(1-(1-Dashboard!$B$5)^10),IF(Dashboard!$B$14="Cumulative Revenue ($)",$B6*Dashboard!$B$4*IF(Dashboard!$B$5=Dashboard!$B$6,11,((1-Dashboard!$B$5+Dashboard!$B$6)^11-1)/(Dashboard!$B$6-Dashboard!$B$5)),IF(Dashboard!$B$14="LTV per Customer ($)",IF($B6>0,Dashboard!$B$4*IF(Dashboard!$B$5=Dashboard!$B$6,11,((1-Dashboard!$B$5+Dashboard!$B$6)^11-1)/(Dashboard!$B$6-Dashboard!$B$5)),0),""))))) -> 0.48398231 | N6: =IF(Dashboard!$B$14="Retention %",(1-Dashboard!$B$5)^11,IF(Dashboard!$B$14="MRR ($)",$B6*Dashboard!$B$4*(1-Dashboard!$B$5+Dashboard!$B$6)^11,IF(Dashboard!$B$14="Churned Customers",$B6*(1-(1-Dashboard!$B$5)^11),IF(Dashboard!$B$14="Cumulative Revenue ($)",$B6*Dashboard!$B$4*IF(Dashboard!$B$5=Dashboard!$B$6,12,((1-Dashboard!$B$5+Dashboard!$B$6)^12-1)/(Dashboard!$B$6-Dashboard!$B$5)),IF(Dashboard!$B$14="LTV per Customer ($)",IF($B6>0,Dashboard!$B$4*IF(Dashboard!$B$5=Dashboard!$B$6,12,((1-Dashboard!$B$5+Dashboard!$B$6)^12-1)/(Dashboard!$B$6-Dashboard!$B$5)),0),""))))) -> 0.45010355 | O6: =IF(Dashboard!$B$14="Retention %",(1-Dashboard!$B$5)^12,IF(Dashboard!$B$14="MRR ($)",$B6*Dashboard!$B$4*(1-Dashboard!$B$5+Dashboard!$B$6)^12,IF(Dashboard!$B$14="Churned Customers",$B6*(1-(1-Dashboard!$B$5)^12),IF(Dashboard!$B$14="Cumulative Revenue ($)",$B6*Dashboard!$B$4*IF(Dashboard!$B$5=Dashboard!$B$6,13,((1-Dashboard!$B$5+Dashboard!$B$6)^13-1)/(Dashboard!$B$6-Dashboard!$B$5)),IF(Dashboard!$B$14="LTV per Customer ($)",IF($B6>0,Dashboard!$B$4*IF(Dashboard!$B$5=Dashboard!$B$6,13,((1-Dashboard!$B$5+Dashboard!$B$6)^13-1)/(Dashboard!$B$6-Dashboard!$B$5)),0),""))))) -> 0.4185963 | P6: =IF(Dashboard!$B$14="Retention %",(1-Dashboard!$B$5)^13,IF(Dashboard!$B$14="MRR ($)",$B6*Dashboard!$B$4*(1-Dashboard!$B$5+Dashboard!$B$6)^13,IF(Dashboard!$B$14="Churned Customers",$B6*(1-(1-Dashboard!$B$5)^13),IF(Dashboard!$B$14="Cumulative Revenue ($)",$B6*Dashboard!$B$4*IF(Dashboard!$B$5=Dashboard!$B$6,14,((1-Dashboard!$B$5+Dashboard!$B$6)^14-1)/(Dashboard!$B$6-Dashboard!$B$5)),IF(Dashboard!$B$14="LTV per Customer ($)",IF($B6>0,Dashboard!$B$4*IF(Dashboard!$B$5=Dashboard!$B$6,14,((1-Dashboard!$B$5+Dashboard!$B$6)^14-1)/(Dashboard!$B$6-Dashboard!$B$5)),0),""))))) -> 0.38929456 | Q6: =IF(Dashboard!$B$14="Retention %",(1-Dashboard!$B$5)^14,IF(Dashboard!$B$14="MRR ($)",$B6*Dashboard!$B$4*(1-Dashboard!$B$5+Dashboard!$B$6)^14,IF(Dashboard!$B$14="Churned Customers",$B6*(1-(1-Dashboard!$B$5)^14),IF(Dashboard!$B$14="Cumulative Revenue ($)",$B6*Dashboard!$B$4*IF(Dashboard!$B$5=Dashboard!$B$6,15,((1-Dashboard!$B$5+Dashboard!$B$6)^15-1)/(Dashboard!$B$6-Dashboard!$B$5)),IF(Dashboard!$B$14="LTV per Customer ($)",IF($B6>0,Dashboard!$B$4*IF(Dashboard!$B$5=Dashboard!$B$6,15,((1-Dashboard!$B$5+Dashboard!$B$6)^15-1)/(Dashboard!$B$6-Dashboard!$B$5)),0),""))))) -> 0.36204394 | R6: =IF(Dashboard!$B$14="Retention %",(1-Dashboard!$B$5)^15,IF(Dashboard!$B$14="MRR ($)",$B6*Dashboard!$B$4*(1-Dashboard!$B$5+Dashboard!$B$6)^15,IF(Dashboard!$B$14="Churned Customers",$B6*(1-(1-Dashboard!$B$5)^15),IF(Dashboard!$B$14="Cumulative Revenue ($)",$B6*Dashboard!$B$4*IF(Dashboard!$B$5=Dashboard!$B$6,16,((1-Dashboard!$B$5+Dashboard!$B$6)^16-1)/(Dashboard!$B$6-Dashboard!$B$5)),IF(Dashboard!$B$14="LTV per Customer ($)",IF($B6>0,Dashboard!$B$4*IF(Dashboard!$B$5=Dashboard!$B$6,16,((1-Dashboard!$B$5+Dashboard!$B$6)^16-1)/(Dashboard!$B$6-Dashboard!$B$5)),0),""))))) -> 0.33670086 | S6: =IF(Dashboard!$B$14="Retention %",(1-Dashboard!$B$5)^16,IF(Dashboard!$B$14="MRR ($)",$B6*Dashboard!$B$4*(1-Dashboard!$B$5+Dashboard!$B$6)^16,IF(Dashboard!$B$14="Churned Customers",$B6*(1-(1-Dashboard!$B$5)^16),IF(Dashboard!$B$14="Cumulative Revenue ($)",$B6*Dashboard!$B$4*IF(Dashboard!$B$5=Dashboard!$B$6,17,((1-Dashboard!$B$5+Dashboard!$B$6)^17-1)/(Dashboard!$B$6-Dashboard!$B$5)),IF(Dashboard!$B$14="LTV per Customer ($)",IF($B6>0,Dashboard!$B$4*IF(Dashboard!$B$5=Dashboard!$B$6,17,((1-Dashboard!$B$5+Dashboard!$B$6)^17-1)/(Dashboard!$B$6-Dashboard!$B$5)),0),""))))) -> 0.3131318 | T6: =IF(Dashboard!$B$14="Retention %",(1-Dashboard!$B$5)^17,IF(Dashboard!$B$14="MRR ($)",$B6*Dashboard!$B$4*(1-Dashboard!$B$5+Dashboard!$B$6)^17,IF(Dashboard!$B$14="Churned Customers",$B6*(1-(1-Dashboard!$B$5)^17),IF(Dashboard!$B$14="Cumulative Revenue ($)",$B6*Dashboard!$B$4*IF(Dashboard!$B$5=Dashboard!$B$6,18,((1-Dashboard!$B$5+Dashboard!$B$6)^18-1)/(Dashboard!$B$6-Dashboard!$B$5)),IF(Dashboard!$B$14="LTV per Customer ($)",IF($B6>0,Dashboard!$B$4*IF(Dashboard!$B$5=Dashboard!$B$6,18,((1-Dashboard!$B$5+Dashboard!$B$6)^18-1)/(Dashboard!$B$6-Dashboard!$B$5)),0),""))))) -> 0.29121258 | U6: =IF(Dashboard!$B$14="Retention %",(1-Dashboard!$B$5)^18,IF(Dashboard!$B$14="MRR ($)",$B6*Dashboard!$B$4*(1-Dashboard!$B$5+Dashboard!$B$6)^18,IF(Dashboard!$B$14="Churned Customers",$B6*(1-(1-Dashboard!$B$5)^18),IF(Dashboard!$B$14="Cumulative Revenue ($)",$B6*Dashboard!$B$4*IF(Dashboard!$B$5=Dashboard!$B$6,19,((1-Dashboard!$B$5+Dashboard!$B$6)^19-1)/(Dashboard!$B$6-Dashboard!$B$5)),IF(Dashboard!$B$14="LTV per Customer ($)",IF($B6>0,Dashboard!$B$4*IF(Dashboard!$B$5=Dashboard!$B$6,19,((1-Dashboard!$B$5+Dashboard!$B$6)^19-1)/(Dashboard!$B$6-Dashboard!$B$5)),0),""))))) -> 0.2708277 | V6: =IF(Dashboard!$B$14="Retention %",(1-Dashboard!$B$5)^19,IF(Dashboard!$B$14="MRR ($)",$B6*Dashboard!$B$4*(1-Dashboard!$B$5+Dashboard!$B$6)^19,IF(Dashboard!$B$14="Churned Customers",$B6*(1-(1-Dashboard!$B$5)^19),IF(Dashboard!$B$14="Cumulative Revenue ($)",$B6*Dashboard!$B$4*IF(Dashboard!$B$5=Dashboard!$B$6,20,((1-Dashboard!$B$5+Dashboard!$B$6)^20-1)/(Dashboard!$B$6-Dashboard!$B$5)),IF(Dashboard!$B$14="LTV per Customer ($)",IF($B6>0,Dashboard!$B$4*IF(Dashboard!$B$5=Dashboard!$B$6,20,((1-Dashboard!$B$5+Dashboard!$B$6)^20-1)/(Dashboard!$B$6-Dashboard!$B$5)),0),""))))) -> 0.25186976 | W6: =IF(Dashboard!$B$14="Retention %",(1-Dashboard!$B$5)^20,IF(Dashboard!$B$14="MRR ($)",$B6*Dashboard!$B$4*(1-Dashboard!$B$5+Dashboard!$B$6)^20,IF(Dashboard!$B$14="Churned Customers",$B6*(1-(1-Dashboard!$B$5)^20),IF(Dashboard!$B$14="Cumulative Revenue ($)",$B6*Dashboard!$B$4*IF(Dashboard!$B$5=Dashboard!$B$6,21,((1-Dashboard!$B$5+Dashboard!$B$6)^21-1)/(Dashboard!$B$6-Dashboard!$B$5)),IF(Dashboard!$B$14="LTV per Customer ($)",IF($B6>0,Dashboard!$B$4*IF(Dashboard!$B$5=Dashboard!$B$6,21,((1-Dashboard!$B$5+Dashboard!$B$6)^21-1)/(Dashboard!$B$6-Dashboard!$B$5)),0),""))))) -> 0.23423887 | X6: =IF(Dashboard!$B$14="Retention %",(1-Dashboard!$B$5)^21,IF(Dashboard!$B$14="MRR ($)",$B6*Dashboard!$B$4*(1-Dashboard!$B$5+Dashboard!$B$6)^21,IF(Dashboard!$B$14="Churned Customers",$B6*(1-(1-Dashboard!$B$5)^21),IF(Dashboard!$B$14="Cumulative Revenue ($)",$B6*Dashboard!$B$4*IF(Dashboard!$B$5=Dashboard!$B$6,22,((1-Dashboard!$B$5+Dashboard!$B$6)^22-1)/(Dashboard!$B$6-Dashboard!$B$5)),IF(Dashboard!$B$14="LTV per Customer ($)",IF($B6>0,Dashboard!$B$4*IF(Dashboard!$B$5=Dashboard!$B$6,22,((1-Dashboard!$B$5+Dashboard!$B$6)^22-1)/(Dashboard!$B$6-Dashboard!$B$5)),0),""))))) -> 0.21784215 | Y6: =IF(Dashboard!$B$14="Retention %",(1-Dashboard!$B$5)^22,IF(Dashboard!$B$14="MRR ($)",$B6*Dashboard!$B$4*(1-Dashboard!$B$5+Dashboard!$B$6)^22,IF(Dashboard!$B$14="Churned Customers",$B6*(1-(1-Dashboard!$B$5)^22),IF(Dashboard!$B$14="Cumulative Revenue ($)",$B6*Dashboard!$B$4*IF(Dashboard!$B$5=Dashboard!$B$6,23,((1-Dashboard!$B$5+Dashboard!$B$6)^23-1)/(Dashboard!$B$6-Dashboard!$B$5)),IF(Dashboard!$B$14="LTV per Customer ($)",IF($B6>0,Dashboard!$B$4*IF(Dashboard!$B$5=Dashboard!$B$6,23,((1-Dashboard!$B$5+Dashboard!$B$6)^23-1)/(Dashboard!$B$6-Dashboard!$B$5)),0),""))))) -> 0.2025932 | Z6: =IF(Dashboard!$B$14="Retention %",(1-Dashboard!$B$5)^23,IF(Dashboard!$B$14="MRR ($)",$B6*Dashboard!$B$4*(1-Dashboard!$B$5+Dashboard!$B$6)^23,IF(Dashboard!$B$14="Churned Customers",$B6*(1-(1-Dashboard!$B$5)^23),IF(Dashboard!$B$14="Cumulative Revenue ($)",$B6*Dashboard!$B$4*IF(Dashboard!$B$5=Dashboard!$B$6,24,((1-Dashboard!$B$5+Dashboard!$B$6)^24-1)/(Dashboard!$B$6-Dashboard!$B$5)),IF(Dashboard!$B$14="LTV per Customer ($)",IF($B6>0,Dashboard!$B$4*IF(Dashboard!$B$5=Dashboard!$B$6,24,((1-Dashboard!$B$5+Dashboard!$B$6)^24-1)/(Dashboard!$B$6-Dashboard!$B$5)),0),""))))) -> 0.18841168 | AA6: =IF(Dashboard!$B$14="Retention %",(1-Dashboard!$B$5)^24,IF(Dashboard!$B$14="MRR ($)",$B6*Dashboard!$B$4*(1-Dashboard!$B$5+Dashboard!$B$6)^24,IF(Dashboard!$B$14="Churned Customers",$B6*(1-(1-Dashboard!$B$5)^24),IF(Dashboard!$B$14="Cumulative Revenue ($)",$B6*Dashboard!$B$4*IF(Dashboard!$B$5=Dashboard!$B$6,25,((1-Dashboard!$B$5+Dashboard!$B$6)^25-1)/(Dashboard!$B$6-Dashboard!$B$5)),IF(Dashboard!$B$14="LTV per Customer ($)",IF($B6>0,Dashboard!$B$4*IF(Dashboard!$B$5=Dashboard!$B$6,25,((1-Dashboard!$B$5+Dashboard!$B$6)^25-1)/(Dashboard!$B$6-Dashboard!$B$5)),0),""))))) -> 0.17522286 | AB6: =IF(Dashboard!$B$14="Retention %",(1-Dashboard!$B$5)^25,IF(Dashboard!$B$14="MRR ($)",$B6*Dashboard!$B$4*(1-Dashboard!$B$5+Dashboard!$B$6)^25,IF(Dashboard!$B$14="Churned Customers",$B6*(1-(1-Dashboard!$B$5)^25),IF(Dashboard!$B$14="Cumulative Revenue ($)",$B6*Dashboard!$B$4*IF(Dashboard!$B$5=Dashboard!$B$6,26,((1-Dashboard!$B$5+Dashboard!$B$6)^26-1)/(Dashboard!$B$6-Dashboard!$B$5)),IF(Dashboard!$B$14="LTV per Customer ($)",IF($B6>0,Dashboard!$B$4*IF(Dashboard!$B$5=Dashboard!$B$6,26,((1-Dashboard!$B$5+Dashboard!$B$6)^26-1)/(Dashboard!$B$6-Dashboard!$B$5)),0),""))))) -> 0.16295726 | AC6: =IF(Dashboard!$B$14="Retention %",(1-Dashboard!$B$5)^26,IF(Dashboard!$B$14="MRR ($)",$B6*Dashboard!$B$4*(1-Dashboard!$B$5+Dashboard!$B$6)^26,IF(Dashboard!$B$14="Churned Customers",$B6*(1-(1-Dashboard!$B$5)^26),IF(Dashboard!$B$14="Cumulative Revenue ($)",$B6*Dashboard!$B$4*IF(Dashboard!$B$5=Dashboard!$B$6,27,((1-Dashboard!$B$5+Dashboard!$B$6)^27-1)/(Dashboard!$B$6-Dashboard!$B$5)),IF(Dashboard!$B$14="LTV per Customer ($)",IF($B6>0,Dashboard!$B$4*IF(Dashboard!$B$5=Dashboard!$B$6,27,((1-Dashboard!$B$5+Dashboard!$B$6)^27-1)/(Dashboard!$B$6-Dashboard!$B$5)),0),""))))) -> 0.15155025 | AD6: =IF(Dashboard!$B$14="Retention %",(1-Dashboard!$B$5)^27,IF(Dashboard!$B$14="MRR ($)",$B6*Dashboard!$B$4*(1-Dashboard!$B$5+Dashboard!$B$6)^27,IF(Dashboard!$B$14="Churned Customers",$B6*(1-(1-Dashboard!$B$5)^27),IF(Dashboard!$B$14="Cumulative Revenue ($)",$B6*Dashboard!$B$4*IF(Dashboard!$B$5=Dashboard!$B$6,28,((1-Dashboard!$B$5+Dashboard!$B$6)^28-1)/(Dashboard!$B$6-Dashboard!$B$5)),IF(Dashboard!$B$14="LTV per Customer ($)",IF($B6>0,Dashboard!$B$4*IF(Dashboard!$B$5=Dashboard!$B$6,28,((1-Dashboard!$B$5+Dashboard!$B$6)^28-1)/(Dashboard!$B$6-Dashboard!$B$5)),0),""))))) -> 0.14094173 | AE6: =IF(Dashboard!$B$14="Retention %",(1-Dashboard!$B$5)^28,IF(Dashboard!$B$14="MRR ($)",$B6*Dashboard!$B$4*(1-Dashboard!$B$5+Dashboard!$B$6)^28,IF(Dashboard!$B$14="Churned Customers",$B6*(1-(1-Dashboard!$B$5)^28),IF(Dashboard!$B$14="Cumulative Revenue ($)",$B6*Dashboard!$B$4*IF(Dashboard!$B$5=Dashboard!$B$6,29,((1-Dashboard!$B$5+Dashboard!$B$6)^29-1)/(Dashboard!$B$6-Dashboard!$B$5)),IF(Dashboard!$B$14="LTV per Customer ($)",IF($B6>0,Dashboard!$B$4*IF(Dashboard!$B$5=Dashboard!$B$6,29,((1-Dashboard!$B$5+Dashboard!$B$6)^29-1)/(Dashboard!$B$6-Dashboard!$B$5)),0),""))))) -> 0.13107581 | AF6: =IF(Dashboard!$B$14="Retention %",(1-Dashboard!$B$5)^29,IF(Dashboard!$B$14="MRR ($)",$B6*Dashboard!$B$4*(1-Dashboard!$B$5+Dashboard!$B$6)^29,IF(Dashboard!$B$14="Churned Customers",$B6*(1-(1-Dashboard!$B$5)^29),IF(Dashboard!$B$14="Cumulative Revenue ($)",$B6*Dashboard!$B$4*IF(Dashboard!$B$5=Dashboard!$B$6,30,((1-Dashboard!$B$5+Dashboard!$B$6)^30-1)/(Dashboard!$B$6-Dashboard!$B$5)),IF(Dashboard!$B$14="LTV per Customer ($)",IF($B6>0,Dashboard!$B$4*IF(Dashboard!$B$5=Dashboard!$B$6,30,((1-Dashboard!$B$5+Dashboard!$B$6)^30-1)/(Dashboard!$B$6-Dashboard!$B$5)),0),""))))) -> 0.12190051 | AG6: =IF(Dashboard!$B$14="Retention %",(1-Dashboard!$B$5)^30,IF(Dashboard!$B$14="MRR ($)",$B6*Dashboard!$B$4*(1-Dashboard!$B$5+Dashboard!$B$6)^30,IF(Dashboard!$B$14="Churned Customers",$B6*(1-(1-Dashboard!$B$5)^30),IF(Dashboard!$B$14="Cumulative Revenue ($)",$B6*Dashboard!$B$4*IF(Dashboard!$B$5=Dashboard!$B$6,31,((1-Dashboard!$B$5+Dashboard!$B$6)^31-1)/(Dashboard!$B$6-Dashboard!$B$5)),IF(Dashboard!$B$14="LTV per Customer ($)",IF($B6>0,Dashboard!$B$4*IF(Dashboard!$B$5=Dashboard!$B$6,31,((1-Dashboard!$B$5+Dashboard!$B$6)^31-1)/(Dashboard!$B$6-Dashboard!$B$5)),0),""))))) -> 0.11336747 | AH6: =IF(Dashboard!$B$14="Retention %",(1-Dashboard!$B$5)^31,IF(Dashboard!$B$14="MRR ($)",$B6*Dashboard!$B$4*(1-Dashboard!$B$5+Dashboard!$B$6)^31,IF(Dashboard!$B$14="Churned Customers",$B6*(1-(1-Dashboard!$B$5)^31),IF(Dashboard!$B$14="Cumulative Revenue ($)",$B6*Dashboard!$B$4*IF(Dashboard!$B$5=Dashboard!$B$6,32,((1-Dashboard!$B$5+Dashboard!$B$6)^32-1)/(Dashboard!$B$6-Dashboard!$B$5)),IF(Dashboard!$B$14="LTV per Customer ($)",IF($B6>0,Dashboard!$B$4*IF(Dashboard!$B$5=Dashboard!$B$6,32,((1-Dashboard!$B$5+Dashboard!$B$6)^32-1)/(Dashboard!$B$6-Dashboard!$B$5)),0),""))))) -> 0.10543175 | AI6: =IF(Dashboard!$B$14="Retention %",(1-Dashboard!$B$5)^32,IF(Dashboard!$B$14="MRR ($)",$B6*Dashboard!$B$4*(1-Dashboard!$B$5+Dashboard!$B$6)^32,IF(Dashboard!$B$14="Churned Customers",$B6*(1-(1-Dashboard!$B$5)^32),IF(Dashboard!$B$14="Cumulative Revenue ($)",$B6*Dashboard!$B$4*IF(Dashboard!$B$5=Dashboard!$B$6,33,((1-Dashboard!$B$5+Dashboard!$B$6)^33-1)/(Dashboard!$B$6-Dashboard!$B$5)),IF(Dashboard!$B$14="LTV per Customer ($)",IF($B6>0,Dashboard!$B$4*IF(Dashboard!$B$5=Dashboard!$B$6,33,((1-Dashboard!$B$5+Dashboard!$B$6)^33-1)/(Dashboard!$B$6-Dashboard!$B$5)),0),""))))) -> 0.098051525
A7: May '23 Cohort | B7: 1 | C7: =IF(Dashboard!$B$14="Retention %",1,IF(Dashboard!$B$14="MRR ($)",$B7*Dashboard!$B$4,IF(Dashboard!$B$14="Churned Customers",0,IF(Dashboard!$B$14="Cumulative Revenue ($)",$B7*Dashboard!$B$4,IF(Dashboard!$B$14="LTV per Customer ($)",IF($B7>0,Dashboard!$B$4,0),""))))) -> 1 | D7: =IF(Dashboard!$B$14="Retention %",(1-Dashboard!$B$5)^1,IF(Dashboard!$B$14="MRR ($)",$B7*Dashboard!$B$4*(1-Dashboard!$B$5+Dashboard!$B$6)^1,IF(Dashboard!$B$14="Churned Customers",$B7*(1-(1-Dashboard!$B$5)^1),IF(Dashboard!$B$14="Cumulative Revenue ($)",$B7*Dashboard!$B$4*IF(Dashboard!$B$5=Dashboard!$B$6,2,((1-Dashboard!$B$5+Dashboard!$B$6)^2-1)/(Dashboard!$B$6-Dashboard!$B$5)),IF(Dashboard!$B$14="LTV per Customer ($)",IF($B7>0,Dashboard!$B$4*IF(Dashboard!$B$5=Dashboard!$B$6,2,((1-Dashboard!$B$5+Dashboard!$B$6)^2-1)/(Dashboard!$B$6-Dashboard!$B$5)),0),""))))) -> 0.93 | E7: =IF(Dashboard!$B$14="Retention %",(1-Dashboard!$B$5)^2,IF(Dashboard!$B$14="MRR ($)",$B7*Dashboard!$B$4*(1-Dashboard!$B$5+Dashboard!$B$6)^2,IF(Dashboard!$B$14="Churned Customers",$B7*(1-(1-Dashboard!$B$5)^2),IF(Dashboard!$B$14="Cumulative Revenue ($)",$B7*Dashboard!$B$4*IF(Dashboard!$B$5=Dashboard!$B$6,3,((1-Dashboard!$B$5+Dashboard!$B$6)^3-1)/(Dashboard!$B$6-Dashboard!$B$5)),IF(Dashboard!$B$14="LTV per Customer ($)",IF($B7>0,Dashboard!$B$4*IF(Dashboard!$B$5=Dashboard!$B$6,3,((1-Dashboard!$B$5+Dashboard!$B$6)^3-1)/(Dashboard!$B$6-Dashboard!$B$5)),0),""))))) -> 0.8649 | F7: =IF(Dashboard!$B$14="Retention %",(1-Dashboard!$B$5)^3,IF(Dashboard!$B$14="MRR ($)",$B7*Dashboard!$B$4*(1-Dashboard!$B$5+Dashboard!$B$6)^3,IF(Dashboard!$B$14="Churned Customers",$B7*(1-(1-Dashboard!$B$5)^3),IF(Dashboard!$B$14="Cumulative Revenue ($)",$B7*Dashboard!$B$4*IF(Dashboard!$B$5=Dashboard!$B$6,4,((1-Dashboard!$B$5+Dashboard!$B$6)^4-1)/(Dashboard!$B$6-Dashboard!$B$5)),IF(Dashboard!$B$14="LTV per Customer ($)",IF($B7>0,Dashboard!$B$4*IF(Dashboard!$B$5=Dashboard!$B$6,4,((1-Dashboard!$B$5+Dashboard!$B$6)^4-1)/(Dashboard!$B$6-Dashboard!$B$5)),0),""))))) -> 0.804357 | G7: =IF(Dashboard!$B$14="Retention %",(1-Dashboard!$B$5)^4,IF(Dashboard!$B$14="MRR ($)",$B7*Dashboard!$B$4*(1-Dashboard!$B$5+Dashboard!$B$6)^4,IF(Dashboard!$B$14="Churned Customers",$B7*(1-(1-Dashboard!$B$5)^4),IF(Dashboard!$B$14="Cumulative Revenue ($)",$B7*Dashboard!$B$4*IF(Dashboard!$B$5=Dashboard!$B$6,5,((1-Dashboard!$B$5+Dashboard!$B$6)^5-1)/(Dashboard!$B$6-Dashboard!$B$5)),IF(Dashboard!$B$14="LTV per Customer ($)",IF($B7>0,Dashboard!$B$4*IF(Dashboard!$B$5=Dashboard!$B$6,5,((1-Dashboard!$B$5+Dashboard!$B$6)^5-1)/(Dashboard!$B$6-Dashboard!$B$5)),0),""))))) -> 0.74805201 | H7: =IF(Dashboard!$B$14="Retention %",(1-Dashboard!$B$5)^5,IF(Dashboard!$B$14="MRR ($)",$B7*Dashboard!$B$4*(1-Dashboard!$B$5+Dashboard!$B$6)^5,IF(Dashboard!$B$14="Churned Customers",$B7*(1-(1-Dashboard!$B$5)^5),IF(Dashboard!$B$14="Cumulative Revenue ($)",$B7*Dashboard!$B$4*IF(Dashboard!$B$5=Dashboard!$B$6,6,((1-Dashboard!$B$5+Dashboard!$B$6)^6-1)/(Dashboard!$B$6-Dashboard!$B$5)),IF(Dashboard!$B$14="LTV per Customer ($)",IF($B7>0,Dashboard!$B$4*IF(Dashboard!$B$5=Dashboard!$B$6,6,((1-Dashboard!$B$5+Dashboard!$B$6)^6-1)/(Dashboard!$B$6-Dashboard!$B$5)),0),""))))) -> 0.69568837 | I7: =IF(Dashboard!$B$14="Retention %",(1-Dashboard!$B$5)^6,IF(Dashboard!$B$14="MRR ($)",$B7*Dashboard!$B$4*(1-Dashboard!$B$5+Dashboard!$B$6)^6,IF(Dashboard!$B$14="Churned Customers",$B7*(1-(1-Dashboard!$B$5)^6),IF(Dashboard!$B$14="Cumulative Revenue ($)",$B7*Dashboard!$B$4*IF(Dashboard!$B$5=Dashboard!$B$6,7,((1-Dashboard!$B$5+Dashboard!$B$6)^7-1)/(Dashboard!$B$6-Dashboard!$B$5)),IF(Dashboard!$B$14="LTV per Customer ($)",IF($B7>0,Dashboard!$B$4*IF(Dashboard!$B$5=Dashboard!$B$6,7,((1-Dashboard!$B$5+Dashboard!$B$6)^7-1)/(Dashboard!$B$6-Dashboard!$B$5)),0),""))))) -> 0.64699018 | J7: =IF(Dashboard!$B$14="Retention %",(1-Dashboard!$B$5)^7,IF(Dashboard!$B$14="MRR ($)",$B7*Dashboard!$B$4*(1-Dashboard!$B$5+Dashboard!$B$6)^7,IF(Dashboard!$B$14="Churned Customers",$B7*(1-(1-Dashboard!$B$5)^7),IF(Dashboard!$B$14="Cumulative Revenue ($)",$B7*Dashboard!$B$4*IF(Dashboard!$B$5=Dashboard!$B$6,8,((1-Dashboard!$B$5+Dashboard!$B$6)^8-1)/(Dashboard!$B$6-Dashboard!$B$5)),IF(Dashboard!$B$14="LTV per Customer ($)",IF($B7>0,Dashboard!$B$4*IF(Dashboard!$B$5=Dashboard!$B$6,8,((1-Dashboard!$B$5+Dashboard!$B$6)^8-1)/(Dashboard!$B$6-Dashboard!$B$5)),0),""))))) -> 0.60170087 | K7: =IF(Dashboard!$B$14="Retention %",(1-Dashboard!$B$5)^8,IF(Dashboard!$B$14="MRR ($)",$B7*Dashboard!$B$4*(1-Dashboard!$B$5+Dashboard!$B$6)^8,IF(Dashboard!$B$14="Churned Customers",$B7*(1-(1-Dashboard!$B$5)^8),IF(Dashboard!$B$14="Cumulative Revenue ($)",$B7*Dashboard!$B$4*IF(Dashboard!$B$5=Dashboard!$B$6,9,((1-Dashboard!$B$5+Dashboard!$B$6)^9-1)/(Dashboard!$B$6-Dashboard!$B$5)),IF(Dashboard!$B$14="LTV per Customer ($)",IF($B7>0,Dashboard!$B$4*IF(Dashboard!$B$5=Dashboard!$B$6,9,((1-Dashboard!$B$5+Dashboard!$B$6)^9-1)/(Dashboard!$B$6-Dashboard!$B$5)),0),""))))) -> 0.55958181 | L7: =IF(Dashboard!$B$14="Retention %",(1-Dashboard!$B$5)^9,IF(Dashboard!$B$14="MRR ($)",$B7*Dashboard!$B$4*(1-Dashboard!$B$5+Dashboard!$B$6)^9,IF(Dashboard!$B$14="Churned Customers",$B7*(1-(1-Dashboard!$B$5)^9),IF(Dashboard!$B$14="Cumulative Revenue ($)",$B7*Dashboard!$B$4*IF(Dashboard!$B$5=Dashboard!$B$6,10,((1-Dashboard!$B$5+Dashboard!$B$6)^10-1)/(Dashboard!$B$6-Dashboard!$B$5)),IF(Dashboard!$B$14="LTV per Customer ($)",IF($B7>0,Dashboard!$B$4*IF(Dashboard!$B$5=Dashboard!$B$6,10,((1-Dashboard!$B$5+Dashboard!$B$6)^10-1)/(Dashboard!$B$6-Dashboard!$B$5)),0),""))))) -> 0.52041108 | M7: =IF(Dashboard!$B$14="Retention %",(1-Dashboard!$B$5)^10,IF(Dashboard!$B$14="MRR ($)",$B7*Dashboard!$B$4*(1-Dashboard!$B$5+Dashboard!$B$6)^10,IF(Dashboard!$B$14="Churned Customers",$B7*(1-(1-Dashboard!$B$5)^10),IF(Dashboard!$B$14="Cumulative Revenue ($)",$B7*Dashboard!$B$4*IF(Dashboard!$B$5=Dashboard!$B$6,11,((1-Dashboard!$B$5+Dashboard!$B$6)^11-1)/(Dashboard!$B$6-Dashboard!$B$5)),IF(Dashboard!$B$14="LTV per Customer ($)",IF($B7>0,Dashboard!$B$4*IF(Dashboard!$B$5=Dashboard!$B$6,11,((1-Dashboard!$B$5+Dashboard!$B$6)^11-1)/(Dashboard!$B$6-Dashboard!$B$5)),0),""))))) -> 0.48398231 | N7: =IF(Dashboard!$B$14="Retention %",(1-Dashboard!$B$5)^11,IF(Dashboard!$B$14="MRR ($)",$B7*Dashboard!$B$4*(1-Dashboard!$B$5+Dashboard!$B$6)^11,IF(Dashboard!$B$14="Churned Customers",$B7*(1-(1-Dashboard!$B$5)^11),IF(Dashboard!$B$14="Cumulative Revenue ($)",$B7*Dashboard!$B$4*IF(Dashboard!$B$5=Dashboard!$B$6,12,((1-Dashboard!$B$5+Dashboard!$B$6)^12-1)/(Dashboard!$B$6-Dashboard!$B$5)),IF(Dashboard!$B$14="LTV per Customer ($)",IF($B7>0,Dashboard!$B$4*IF(Dashboard!$B$5=Dashboard!$B$6,12,((1-Dashboard!$B$5+Dashboard!$B$6)^12-1)/(Dashboard!$B$6-Dashboard!$B$5)),0),""))))) -> 0.45010355 | O7: =IF(Dashboard!$B$14="Retention %",(1-Dashboard!$B$5)^12,IF(Dashboard!$B$14="MRR ($)",$B7*Dashboard!$B$4*(1-Dashboard!$B$5+Dashboard!$B$6)^12,IF(Dashboard!$B$14="Churned Customers",$B7*(1-(1-Dashboard!$B$5)^12),IF(Dashboard!$B$14="Cumulative Revenue ($)",$B7*Dashboard!$B$4*IF(Dashboard!$B$5=Dashboard!$B$6,13,((1-Dashboard!$B$5+Dashboard!$B$6)^13-1)/(Dashboard!$B$6-Dashboard!$B$5)),IF(Dashboard!$B$14="LTV per Customer ($)",IF($B7>0,Dashboard!$B$4*IF(Dashboard!$B$5=Dashboard!$B$6,13,((1-Dashboard!$B$5+Dashboard!$B$6)^13-1)/(Dashboard!$B$6-Dashboard!$B$5)),0),""))))) -> 0.4185963 | P7: =IF(Dashboard!$B$14="Retention %",(1-Dashboard!$B$5)^13,IF(Dashboard!$B$14="MRR ($)",$B7*Dashboard!$B$4*(1-Dashboard!$B$5+Dashboard!$B$6)^13,IF(Dashboard!$B$14="Churned Customers",$B7*(1-(1-Dashboard!$B$5)^13),IF(Dashboard!$B$14="Cumulative Revenue ($)",$B7*Dashboard!$B$4*IF(Dashboard!$B$5=Dashboard!$B$6,14,((1-Dashboard!$B$5+Dashboard!$B$6)^14-1)/(Dashboard!$B$6-Dashboard!$B$5)),IF(Dashboard!$B$14="LTV per Customer ($)",IF($B7>0,Dashboard!$B$4*IF(Dashboard!$B$5=Dashboard!$B$6,14,((1-Dashboard!$B$5+Dashboard!$B$6)^14-1)/(Dashboard!$B$6-Dashboard!$B$5)),0),""))))) -> 0.38929456 | Q7: =IF(Dashboard!$B$14="Retention %",(1-Dashboard!$B$5)^14,IF(Dashboard!$B$14="MRR ($)",$B7*Dashboard!$B$4*(1-Dashboard!$B$5+Dashboard!$B$6)^14,IF(Dashboard!$B$14="Churned Customers",$B7*(1-(1-Dashboard!$B$5)^14),IF(Dashboard!$B$14="Cumulative Revenue ($)",$B7*Dashboard!$B$4*IF(Dashboard!$B$5=Dashboard!$B$6,15,((1-Dashboard!$B$5+Dashboard!$B$6)^15-1)/(Dashboard!$B$6-Dashboard!$B$5)),IF(Dashboard!$B$14="LTV per Customer ($)",IF($B7>0,Dashboard!$B$4*IF(Dashboard!$B$5=Dashboard!$B$6,15,((1-Dashboard!$B$5+Dashboard!$B$6)^15-1)/(Dashboard!$B$6-Dashboard!$B$5)),0),""))))) -> 0.36204394 | R7: =IF(Dashboard!$B$14="Retention %",(1-Dashboard!$B$5)^15,IF(Dashboard!$B$14="MRR ($)",$B7*Dashboard!$B$4*(1-Dashboard!$B$5+Dashboard!$B$6)^15,IF(Dashboard!$B$14="Churned Customers",$B7*(1-(1-Dashboard!$B$5)^15),IF(Dashboard!$B$14="Cumulative Revenue ($)",$B7*Dashboard!$B$4*IF(Dashboard!$B$5=Dashboard!$B$6,16,((1-Dashboard!$B$5+Dashboard!$B$6)^16-1)/(Dashboard!$B$6-Dashboard!$B$5)),IF(Dashboard!$B$14="LTV per Customer ($)",IF($B7>0,Dashboard!$B$4*IF(Dashboard!$B$5=Dashboard!$B$6,16,((1-Dashboard!$B$5+Dashboard!$B$6)^16-1)/(Dashboard!$B$6-Dashboard!$B$5)),0),""))))) -> 0.33670086 | S7: =IF(Dashboard!$B$14="Retention %",(1-Dashboard!$B$5)^16,IF(Dashboard!$B$14="MRR ($)",$B7*Dashboard!$B$4*(1-Dashboard!$B$5+Dashboard!$B$6)^16,IF(Dashboard!$B$14="Churned Customers",$B7*(1-(1-Dashboard!$B$5)^16),IF(Dashboard!$B$14="Cumulative Revenue ($)",$B7*Dashboard!$B$4*IF(Dashboard!$B$5=Dashboard!$B$6,17,((1-Dashboard!$B$5+Dashboard!$B$6)^17-1)/(Dashboard!$B$6-Dashboard!$B$5)),IF(Dashboard!$B$14="LTV per Customer ($)",IF($B7>0,Dashboard!$B$4*IF(Dashboard!$B$5=Dashboard!$B$6,17,((1-Dashboard!$B$5+Dashboard!$B$6)^17-1)/(Dashboard!$B$6-Dashboard!$B$5)),0),""))))) -> 0.3131318 | T7: =IF(Dashboard!$B$14="Retention %",(1-Dashboard!$B$5)^17,IF(Dashboard!$B$14="MRR ($)",$B7*Dashboard!$B$4*(1-Dashboard!$B$5+Dashboard!$B$6)^17,IF(Dashboard!$B$14="Churned Customers",$B7*(1-(1-Dashboard!$B$5)^17),IF(Dashboard!$B$14="Cumulative Revenue ($)",$B7*Dashboard!$B$4*IF(Dashboard!$B$5=Dashboard!$B$6,18,((1-Dashboard!$B$5+Dashboard!$B$6)^18-1)/(Dashboard!$B$6-Dashboard!$B$5)),IF(Dashboard!$B$14="LTV per Customer ($)",IF($B7>0,Dashboard!$B$4*IF(Dashboard!$B$5=Dashboard!$B$6,18,((1-Dashboard!$B$5+Dashboard!$B$6)^18-1)/(Dashboard!$B$6-Dashboard!$B$5)),0),""))))) -> 0.29121258 | U7: =IF(Dashboard!$B$14="Retention %",(1-Dashboard!$B$5)^18,IF(Dashboard!$B$14="MRR ($)",$B7*Dashboard!$B$4*(1-Dashboard!$B$5+Dashboard!$B$6)^18,IF(Dashboard!$B$14="Churned Customers",$B7*(1-(1-Dashboard!$B$5)^18),IF(Dashboard!$B$14="Cumulative Revenue ($)",$B7*Dashboard!$B$4*IF(Dashboard!$B$5=Dashboard!$B$6,19,((1-Dashboard!$B$5+Dashboard!$B$6)^19-1)/(Dashboard!$B$6-Dashboard!$B$5)),IF(Dashboard!$B$14="LTV per Customer ($)",IF($B7>0,Dashboard!$B$4*IF(Dashboard!$B$5=Dashboard!$B$6,19,((1-Dashboard!$B$5+Dashboard!$B$6)^19-1)/(Dashboard!$B$6-Dashboard!$B$5)),0),""))))) -> 0.2708277 | V7: =IF(Dashboard!$B$14="Retention %",(1-Dashboard!$B$5)^19,IF(Dashboard!$B$14="MRR ($)",$B7*Dashboard!$B$4*(1-Dashboard!$B$5+Dashboard!$B$6)^19,IF(Dashboard!$B$14="Churned Customers",$B7*(1-(1-Dashboard!$B$5)^19),IF(Dashboard!$B$14="Cumulative Revenue ($)",$B7*Dashboard!$B$4*IF(Dashboard!$B$5=Dashboard!$B$6,20,((1-Dashboard!$B$5+Dashboard!$B$6)^20-1)/(Dashboard!$B$6-Dashboard!$B$5)),IF(Dashboard!$B$14="LTV per Customer ($)",IF($B7>0,Dashboard!$B$4*IF(Dashboard!$B$5=Dashboard!$B$6,20,((1-Dashboard!$B$5+Dashboard!$B$6)^20-1)/(Dashboard!$B$6-Dashboard!$B$5)),0),""))))) -> 0.25186976 | W7: =IF(Dashboard!$B$14="Retention %",(1-Dashboard!$B$5)^20,IF(Dashboard!$B$14="MRR ($)",$B7*Dashboard!$B$4*(1-Dashboard!$B$5+Dashboard!$B$6)^20,IF(Dashboard!$B$14="Churned Customers",$B7*(1-(1-Dashboard!$B$5)^20),IF(Dashboard!$B$14="Cumulative Revenue ($)",$B7*Dashboard!$B$4*IF(Dashboard!$B$5=Dashboard!$B$6,21,((1-Dashboard!$B$5+Dashboard!$B$6)^21-1)/(Dashboard!$B$6-Dashboard!$B$5)),IF(Dashboard!$B$14="LTV per Customer ($)",IF($B7>0,Dashboard!$B$4*IF(Dashboard!$B$5=Dashboard!$B$6,21,((1-Dashboard!$B$5+Dashboard!$B$6)^21-1)/(Dashboard!$B$6-Dashboard!$B$5)),0),""))))) -> 0.23423887 | X7: =IF(Dashboard!$B$14="Retention %",(1-Dashboard!$B$5)^21,IF(Dashboard!$B$14="MRR ($)",$B7*Dashboard!$B$4*(1-Dashboard!$B$5+Dashboard!$B$6)^21,IF(Dashboard!$B$14="Churned Customers",$B7*(1-(1-Dashboard!$B$5)^21),IF(Dashboard!$B$14="Cumulative Revenue ($)",$B7*Dashboard!$B$4*IF(Dashboard!$B$5=Dashboard!$B$6,22,((1-Dashboard!$B$5+Dashboard!$B$6)^22-1)/(Dashboard!$B$6-Dashboard!$B$5)),IF(Dashboard!$B$14="LTV per Customer ($)",IF($B7>0,Dashboard!$B$4*IF(Dashboard!$B$5=Dashboard!$B$6,22,((1-Dashboard!$B$5+Dashboard!$B$6)^22-1)/(Dashboard!$B$6-Dashboard!$B$5)),0),""))))) -> 0.21784215 | Y7: =IF(Dashboard!$B$14="Retention %",(1-Dashboard!$B$5)^22,IF(Dashboard!$B$14="MRR ($)",$B7*Dashboard!$B$4*(1-Dashboard!$B$5+Dashboard!$B$6)^22,IF(Dashboard!$B$14="Churned Customers",$B7*(1-(1-Dashboard!$B$5)^22),IF(Dashboard!$B$14="Cumulative Revenue ($)",$B7*Dashboard!$B$4*IF(Dashboard!$B$5=Dashboard!$B$6,23,((1-Dashboard!$B$5+Dashboard!$B$6)^23-1)/(Dashboard!$B$6-Dashboard!$B$5)),IF(Dashboard!$B$14="LTV per Customer ($)",IF($B7>0,Dashboard!$B$4*IF(Dashboard!$B$5=Dashboard!$B$6,23,((1-Dashboard!$B$5+Dashboard!$B$6)^23-1)/(Dashboard!$B$6-Dashboard!$B$5)),0),""))))) -> 0.2025932 | Z7: =IF(Dashboard!$B$14="Retention %",(1-Dashboard!$B$5)^23,IF(Dashboard!$B$14="MRR ($)",$B7*Dashboard!$B$4*(1-Dashboard!$B$5+Dashboard!$B$6)^23,IF(Dashboard!$B$14="Churned Customers",$B7*(1-(1-Dashboard!$B$5)^23),IF(Dashboard!$B$14="Cumulative Revenue ($)",$B7*Dashboard!$B$4*IF(Dashboard!$B$5=Dashboard!$B$6,24,((1-Dashboard!$B$5+Dashboard!$B$6)^24-1)/(Dashboard!$B$6-Dashboard!$B$5)),IF(Dashboard!$B$14="LTV per Customer ($)",IF($B7>0,Dashboard!$B$4*IF(Dashboard!$B$5=Dashboard!$B$6,24,((1-Dashboard!$B$5+Dashboard!$B$6)^24-1)/(Dashboard!$B$6-Dashboard!$B$5)),0),""))))) -> 0.18841168 | AA7: =IF(Dashboard!$B$14="Retention %",(1-Dashboard!$B$5)^24,IF(Dashboard!$B$14="MRR ($)",$B7*Dashboard!$B$4*(1-Dashboard!$B$5+Dashboard!$B$6)^24,IF(Dashboard!$B$14="Churned Customers",$B7*(1-(1-Dashboard!$B$5)^24),IF(Dashboard!$B$14="Cumulative Revenue ($)",$B7*Dashboard!$B$4*IF(Dashboard!$B$5=Dashboard!$B$6,25,((1-Dashboard!$B$5+Dashboard!$B$6)^25-1)/(Dashboard!$B$6-Dashboard!$B$5)),IF(Dashboard!$B$14="LTV per Customer ($)",IF($B7>0,Dashboard!$B$4*IF(Dashboard!$B$5=Dashboard!$B$6,25,((1-Dashboard!$B$5+Dashboard!$B$6)^25-1)/(Dashboard!$B$6-Dashboard!$B$5)),0),""))))) -> 0.17522286 | AB7: =IF(Dashboard!$B$14="Retention %",(1-Dashboard!$B$5)^25,IF(Dashboard!$B$14="MRR ($)",$B7*Dashboard!$B$4*(1-Dashboard!$B$5+Dashboard!$B$6)^25,IF(Dashboard!$B$14="Churned Customers",$B7*(1-(1-Dashboard!$B$5)^25),IF(Dashboard!$B$14="Cumulative Revenue ($)",$B7*Dashboard!$B$4*IF(Dashboard!$B$5=Dashboard!$B$6,26,((1-Dashboard!$B$5+Dashboard!$B$6)^26-1)/(Dashboard!$B$6-Dashboard!$B$5)),IF(Dashboard!$B$14="LTV per Customer ($)",IF($B7>0,Dashboard!$B$4*IF(Dashboard!$B$5=Dashboard!$B$6,26,((1-Dashboard!$B$5+Dashboard!$B$6)^26-1)/(Dashboard!$B$6-Dashboard!$B$5)),0),""))))) -> 0.16295726 | AC7: =IF(Dashboard!$B$14="Retention %",(1-Dashboard!$B$5)^26,IF(Dashboard!$B$14="MRR ($)",$B7*Dashboard!$B$4*(1-Dashboard!$B$5+Dashboard!$B$6)^26,IF(Dashboard!$B$14="Churned Customers",$B7*(1-(1-Dashboard!$B$5)^26),IF(Dashboard!$B$14="Cumulative Revenue ($)",$B7*Dashboard!$B$4*IF(Dashboard!$B$5=Dashboard!$B$6,27,((1-Dashboard!$B$5+Dashboard!$B$6)^27-1)/(Dashboard!$B$6-Dashboard!$B$5)),IF(Dashboard!$B$14="LTV per Customer ($)",IF($B7>0,Dashboard!$B$4*IF(Dashboard!$B$5=Dashboard!$B$6,27,((1-Dashboard!$B$5+Dashboard!$B$6)^27-1)/(Dashboard!$B$6-Dashboard!$B$5)),0),""))))) -> 0.15155025 | AD7: =IF(Dashboard!$B$14="Retention %",(1-Dashboard!$B$5)^27,IF(Dashboard!$B$14="MRR ($)",$B7*Dashboard!$B$4*(1-Dashboard!$B$5+Dashboard!$B$6)^27,IF(Dashboard!$B$14="Churned Customers",$B7*(1-(1-Dashboard!$B$5)^27),IF(Dashboard!$B$14="Cumulative Revenue ($)",$B7*Dashboard!$B$4*IF(Dashboard!$B$5=Dashboard!$B$6,28,((1-Dashboard!$B$5+Dashboard!$B$6)^28-1)/(Dashboard!$B$6-Dashboard!$B$5)),IF(Dashboard!$B$14="LTV per Customer ($)",IF($B7>0,Dashboard!$B$4*IF(Dashboard!$B$5=Dashboard!$B$6,28,((1-Dashboard!$B$5+Dashboard!$B$6)^28-1)/(Dashboard!$B$6-Dashboard!$B$5)),0),""))))) -> 0.14094173 | AE7: =IF(Dashboard!$B$14="Retention %",(1-Dashboard!$B$5)^28,IF(Dashboard!$B$14="MRR ($)",$B7*Dashboard!$B$4*(1-Dashboard!$B$5+Dashboard!$B$6)^28,IF(Dashboard!$B$14="Churned Customers",$B7*(1-(1-Dashboard!$B$5)^28),IF(Dashboard!$B$14="Cumulative Revenue ($)",$B7*Dashboard!$B$4*IF(Dashboard!$B$5=Dashboard!$B$6,29,((1-Dashboard!$B$5+Dashboard!$B$6)^29-1)/(Dashboard!$B$6-Dashboard!$B$5)),IF(Dashboard!$B$14="LTV per Customer ($)",IF($B7>0,Dashboard!$B$4*IF(Dashboard!$B$5=Dashboard!$B$6,29,((1-Dashboard!$B$5+Dashboard!$B$6)^29-1)/(Dashboard!$B$6-Dashboard!$B$5)),0),""))))) -> 0.13107581 | AF7: =IF(Dashboard!$B$14="Retention %",(1-Dashboard!$B$5)^29,IF(Dashboard!$B$14="MRR ($)",$B7*Dashboard!$B$4*(1-Dashboard!$B$5+Dashboard!$B$6)^29,IF(Dashboard!$B$14="Churned Customers",$B7*(1-(1-Dashboard!$B$5)^29),IF(Dashboard!$B$14="Cumulative Revenue ($)",$B7*Dashboard!$B$4*IF(Dashboard!$B$5=Dashboard!$B$6,30,((1-Dashboard!$B$5+Dashboard!$B$6)^30-1)/(Dashboard!$B$6-Dashboard!$B$5)),IF(Dashboard!$B$14="LTV per Customer ($)",IF($B7>0,Dashboard!$B$4*IF(Dashboard!$B$5=Dashboard!$B$6,30,((1-Dashboard!$B$5+Dashboard!$B$6)^30-1)/(Dashboard!$B$6-Dashboard!$B$5)),0),""))))) -> 0.12190051 | AG7: =IF(Dashboard!$B$14="Retention %",(1-Dashboard!$B$5)^30,IF(Dashboard!$B$14="MRR ($)",$B7*Dashboard!$B$4*(1-Dashboard!$B$5+Dashboard!$B$6)^30,IF(Dashboard!$B$14="Churned Customers",$B7*(1-(1-Dashboard!$B$5)^30),IF(Dashboard!$B$14="Cumulative Revenue ($)",$B7*Dashboard!$B$4*IF(Dashboard!$B$5=Dashboard!$B$6,31,((1-Dashboard!$B$5+Dashboard!$B$6)^31-1)/(Dashboard!$B$6-Dashboard!$B$5)),IF(Dashboard!$B$14="LTV per Customer ($)",IF($B7>0,Dashboard!$B$4*IF(Dashboard!$B$5=Dashboard!$B$6,31,((1-Dashboard!$B$5+Dashboard!$B$6)^31-1)/(Dashboard!$B$6-Dashboard!$B$5)),0),""))))) -> 0.11336747 | AH7: =IF(Dashboard!$B$14="Retention %",(1-Dashboard!$B$5)^31,IF(Dashboard!$B$14="MRR ($)",$B7*Dashboard!$B$4*(1-Dashboard!$B$5+Dashboard!$B$6)^31,IF(Dashboard!$B$14="Churned Customers",$B7*(1-(1-Dashboard!$B$5)^31),IF(Dashboard!$B$14="Cumulative Revenue ($)",$B7*Dashboard!$B$4*IF(Dashboard!$B$5=Dashboard!$B$6,32,((1-Dashboard!$B$5+Dashboard!$B$6)^32-1)/(Dashboard!$B$6-Dashboard!$B$5)),IF(Dashboard!$B$14="LTV per Customer ($)",IF($B7>0,Dashboard!$B$4*IF(Dashboard!$B$5=Dashboard!$B$6,32,((1-Dashboard!$B$5+Dashboard!$B$6)^32-1)/(Dashboard!$B$6-Dashboard!$B$5)),0),""))))) -> 0.10543175
A8: Jun '23 Cohort | B8: 1 | C8: =IF(Dashboard!$B$14="Retention %",1,IF(Dashboard!$B$14="MRR ($)",$B8*Dashboard!$B$4,IF(Dashboard!$B$14="Churned Customers",0,IF(Dashboard!$B$14="Cumulative Revenue ($)",$B8*Dashboard!$B$4,IF(Dashboard!$B$14="LTV per Customer ($)",IF($B8>0,Dashboard!$B$4,0),""))))) -> 1 | D8: =IF(Dashboard!$B$14="Retention %",(1-Dashboard!$B$5)^1,IF(Dashboard!$B$14="MRR ($)",$B8*Dashboard!$B$4*(1-Dashboard!$B$5+Dashboard!$B$6)^1,IF(Dashboard!$B$14="Churned Customers",$B8*(1-(1-Dashboard!$B$5)^1),IF(Dashboard!$B$14="Cumulative Revenue ($)",$B8*Dashboard!$B$4*IF(Dashboard!$B$5=Dashboard!$B$6,2,((1-Dashboard!$B$5+Dashboard!$B$6)^2-1)/(Dashboard!$B$6-Dashboard!$B$5)),IF(Dashboard!$B$14="LTV per Customer ($)",IF($B8>0,Dashboard!$B$4*IF(Dashboard!$B$5=Dashboard!$B$6,2,((1-Dashboard!$B$5+Dashboard!$B$6)^2-1)/(Dashboard!$B$6-Dashboard!$B$5)),0),""))))) -> 0.93 | E8: =IF(Dashboard!$B$14="Retention %",(1-Dashboard!$B$5)^2,IF(Dashboard!$B$14="MRR ($)",$B8*Dashboard!$B$4*(1-Dashboard!$B$5+Dashboard!$B$6)^2,IF(Dashboard!$B$14="Churned Customers",$B8*(1-(1-Dashboard!$B$5)^2),IF(Dashboard!$B$14="Cumulative Revenue ($)",$B8*Dashboard!$B$4*IF(Dashboard!$B$5=Dashboard!$B$6,3,((1-Dashboard!$B$5+Dashboard!$B$6)^3-1)/(Dashboard!$B$6-Dashboard!$B$5)),IF(Dashboard!$B$14="LTV per Customer ($)",IF($B8>0,Dashboard!$B$4*IF(Dashboard!$B$5=Dashboard!$B$6,3,((1-Dashboard!$B$5+Dashboard!$B$6)^3-1)/(Dashboard!$B$6-Dashboard!$B$5)),0),""))))) -> 0.8649 | F8: =IF(Dashboard!$B$14="Retention %",(1-Dashboard!$B$5)^3,IF(Dashboard!$B$14="MRR ($)",$B8*Dashboard!$B$4*(1-Dashboard!$B$5+Dashboard!$B$6)^3,IF(Dashboard!$B$14="Churned Customers",$B8*(1-(1-Dashboard!$B$5)^3),IF(Dashboard!$B$14="Cumulative Revenue ($)",$B8*Dashboard!$B$4*IF(Dashboard!$B$5=Dashboard!$B$6,4,((1-Dashboard!$B$5+Dashboard!$B$6)^4-1)/(Dashboard!$B$6-Dashboard!$B$5)),IF(Dashboard!$B$14="LTV per Customer ($)",IF($B8>0,Dashboard!$B$4*IF(Dashboard!$B$5=Dashboard!$B$6,4,((1-Dashboard!$B$5+Dashboard!$B$6)^4-1)/(Dashboard!$B$6-Dashboard!$B$5)),0),""))))) -> 0.804357 | G8: =IF(Dashboard!$B$14="Retention %",(1-Dashboard!$B$5)^4,IF(Dashboard!$B$14="MRR ($)",$B8*Dashboard!$B$4*(1-Dashboard!$B$5+Dashboard!$B$6)^4,IF(Dashboard!$B$14="Churned Customers",$B8*(1-(1-Dashboard!$B$5)^4),IF(Dashboard!$B$14="Cumulative Revenue ($)",$B8*Dashboard!$B$4*IF(Dashboard!$B$5=Dashboard!$B$6,5,((1-Dashboard!$B$5+Dashboard!$B$6)^5-1)/(Dashboard!$B$6-Dashboard!$B$5)),IF(Dashboard!$B$14="LTV per Customer ($)",IF($B8>0,Dashboard!$B$4*IF(Dashboard!$B$5=Dashboard!$B$6,5,((1-Dashboard!$B$5+Dashboard!$B$6)^5-1)/(Dashboard!$B$6-Dashboard!$B$5)),0),""))))) -> 0.74805201 | H8: =IF(Dashboard!$B$14="Retention %",(1-Dashboard!$B$5)^5,IF(Dashboard!$B$14="MRR ($)",$B8*Dashboard!$B$4*(1-Dashboard!$B$5+Dashboard!$B$6)^5,IF(Dashboard!$B$14="Churned Customers",$B8*(1-(1-Dashboard!$B$5)^5),IF(Dashboard!$B$14="Cumulative Revenue ($)",$B8*Dashboard!$B$4*IF(Dashboard!$B$5=Dashboard!$B$6,6,((1-Dashboard!$B$5+Dashboard!$B$6)^6-1)/(Dashboard!$B$6-Dashboard!$B$5)),IF(Dashboard!$B$14="LTV per Customer ($)",IF($B8>0,Dashboard!$B$4*IF(Dashboard!$B$5=Dashboard!$B$6,6,((1-Dashboard!$B$5+Dashboard!$B$6)^6-1)/(Dashboard!$B$6-Dashboard!$B$5)),0),""))))) -> 0.69568837 | I8: =IF(Dashboard!$B$14="Retention %",(1-Dashboard!$B$5)^6,IF(Dashboard!$B$14="MRR ($)",$B8*Dashboard!$B$4*(1-Dashboard!$B$5+Dashboard!$B$6)^6,IF(Dashboard!$B$14="Churned Customers",$B8*(1-(1-Dashboard!$B$5)^6),IF(Dashboard!$B$14="Cumulative Revenue ($)",$B8*Dashboard!$B$4*IF(Dashboard!$B$5=Dashboard!$B$6,7,((1-Dashboard!$B$5+Dashboard!$B$6)^7-1)/(Dashboard!$B$6-Dashboard!$B$5)),IF(Dashboard!$B$14="LTV per Customer ($)",IF($B8>0,Dashboard!$B$4*IF(Dashboard!$B$5=Dashboard!$B$6,7,((1-Dashboard!$B$5+Dashboard!$B$6)^7-1)/(Dashboard!$B$6-Dashboard!$B$5)),0),""))))) -> 0.64699018 | J8: =IF(Dashboard!$B$14="Retention %",(1-Dashboard!$B$5)^7,IF(Dashboard!$B$14="MRR ($)",$B8*Dashboard!$B$4*(1-Dashboard!$B$5+Dashboard!$B$6)^7,IF(Dashboard!$B$14="Churned Customers",$B8*(1-(1-Dashboard!$B$5)^7),IF(Dashboard!$B$14="Cumulative Revenue ($)",$B8*Dashboard!$B$4*IF(Dashboard!$B$5=Dashboard!$B$6,8,((1-Dashboard!$B$5+Dashboard!$B$6)^8-1)/(Dashboard!$B$6-Dashboard!$B$5)),IF(Dashboard!$B$14="LTV per Customer ($)",IF($B8>0,Dashboard!$B$4*IF(Dashboard!$B$5=Dashboard!$B$6,8,((1-Dashboard!$B$5+Dashboard!$B$6)^8-1)/(Dashboard!$B$6-Dashboard!$B$5)),0),""))))) -> 0.60170087 | K8: =IF(Dashboard!$B$14="Retention %",(1-Dashboard!$B$5)^8,IF(Dashboard!$B$14="MRR ($)",$B8*Dashboard!$B$4*(1-Dashboard!$B$5+Dashboard!$B$6)^8,IF(Dashboard!$B$14="Churned Customers",$B8*(1-(1-Dashboard!$B$5)^8),IF(Dashboard!$B$14="Cumulative Revenue ($)",$B8*Dashboard!$B$4*IF(Dashboard!$B$5=Dashboard!$B$6,9,((1-Dashboard!$B$5+Dashboard!$B$6)^9-1)/(Dashboard!$B$6-Dashboard!$B$5)),IF(Dashboard!$B$14="LTV per Customer ($)",IF($B8>0,Dashboard!$B$4*IF(Dashboard!$B$5=Dashboard!$B$6,9,((1-Dashboard!$B$5+Dashboard!$B$6)^9-1)/(Dashboard!$B$6-Dashboard!$B$5)),0),""))))) -> 0.55958181 | L8: =IF(Dashboard!$B$14="Retention %",(1-Dashboard!$B$5)^9,IF(Dashboard!$B$14="MRR ($)",$B8*Dashboard!$B$4*(1-Dashboard!$B$5+Dashboard!$B$6)^9,IF(Dashboard!$B$14="Churned Customers",$B8*(1-(1-Dashboard!$B$5)^9),IF(Dashboard!$B$14="Cumulative Revenue ($)",$B8*Dashboard!$B$4*IF(Dashboard!$B$5=Dashboard!$B$6,10,((1-Dashboard!$B$5+Dashboard!$B$6)^10-1)/(Dashboard!$B$6-Dashboard!$B$5)),IF(Dashboard!$B$14="LTV per Customer ($)",IF($B8>0,Dashboard!$B$4*IF(Dashboard!$B$5=Dashboard!$B$6,10,((1-Dashboard!$B$5+Dashboard!$B$6)^10-1)/(Dashboard!$B$6-Dashboard!$B$5)),0),""))))) -> 0.52041108 | M8: =IF(Dashboard!$B$14="Retention %",(1-Dashboard!$B$5)^10,IF(Dashboard!$B$14="MRR ($)",$B8*Dashboard!$B$4*(1-Dashboard!$B$5+Dashboard!$B$6)^10,IF(Dashboard!$B$14="Churned Customers",$B8*(1-(1-Dashboard!$B$5)^10),IF(Dashboard!$B$14="Cumulative Revenue ($)",$B8*Dashboard!$B$4*IF(Dashboard!$B$5=Dashboard!$B$6,11,((1-Dashboard!$B$5+Dashboard!$B$6)^11-1)/(Dashboard!$B$6-Dashboard!$B$5)),IF(Dashboard!$B$14="LTV per Customer ($)",IF($B8>0,Dashboard!$B$4*IF(Dashboard!$B$5=Dashboard!$B$6,11,((1-Dashboard!$B$5+Dashboard!$B$6)^11-1)/(Dashboard!$B$6-Dashboard!$B$5)),0),""))))) -> 0.48398231 | N8: =IF(Dashboard!$B$14="Retention %",(1-Dashboard!$B$5)^11,IF(Dashboard!$B$14="MRR ($)",$B8*Dashboard!$B$4*(1-Dashboard!$B$5+Dashboard!$B$6)^11,IF(Dashboard!$B$14="Churned Customers",$B8*(1-(1-Dashboard!$B$5)^11),IF(Dashboard!$B$14="Cumulative Revenue ($)",$B8*Dashboard!$B$4*IF(Dashboard!$B$5=Dashboard!$B$6,12,((1-Dashboard!$B$5+Dashboard!$B$6)^12-1)/(Dashboard!$B$6-Dashboard!$B$5)),IF(Dashboard!$B$14="LTV per Customer ($)",IF($B8>0,Dashboard!$B$4*IF(Dashboard!$B$5=Dashboard!$B$6,12,((1-Dashboard!$B$5+Dashboard!$B$6)^12-1)/(Dashboard!$B$6-Dashboard!$B$5)),0),""))))) -> 0.45010355 | O8: =IF(Dashboard!$B$14="Retention %",(1-Dashboard!$B$5)^12,IF(Dashboard!$B$14="MRR ($)",$B8*Dashboard!$B$4*(1-Dashboard!$B$5+Dashboard!$B$6)^12,IF(Dashboard!$B$14="Churned Customers",$B8*(1-(1-Dashboard!$B$5)^12),IF(Dashboard!$B$14="Cumulative Revenue ($)",$B8*Dashboard!$B$4*IF(Dashboard!$B$5=Dashboard!$B$6,13,((1-Dashboard!$B$5+Dashboard!$B$6)^13-1)/(Dashboard!$B$6-Dashboard!$B$5)),IF(Dashboard!$B$14="LTV per Customer ($)",IF($B8>0,Dashboard!$B$4*IF(Dashboard!$B$5=Dashboard!$B$6,13,((1-Dashboard!$B$5+Dashboard!$B$6)^13-1)/(Dashboard!$B$6-Dashboard!$B$5)),0),""))))) -> 0.4185963 | P8: =IF(Dashboard!$B$14="Retention %",(1-Dashboard!$B$5)^13,IF(Dashboard!$B$14="MRR ($)",$B8*Dashboard!$B$4*(1-Dashboard!$B$5+Dashboard!$B$6)^13,IF(Dashboard!$B$14="Churned Customers",$B8*(1-(1-Dashboard!$B$5)^13),IF(Dashboard!$B$14="Cumulative Revenue ($)",$B8*Dashboard!$B$4*IF(Dashboard!$B$5=Dashboard!$B$6,14,((1-Dashboard!$B$5+Dashboard!$B$6)^14-1)/(Dashboard!$B$6-Dashboard!$B$5)),IF(Dashboard!$B$14="LTV per Customer ($)",IF($B8>0,Dashboard!$B$4*IF(Dashboard!$B$5=Dashboard!$B$6,14,((1-Dashboard!$B$5+Dashboard!$B$6)^14-1)/(Dashboard!$B$6-Dashboard!$B$5)),0),""))))) -> 0.38929456 | Q8: =IF(Dashboard!$B$14="Retention %",(1-Dashboard!$B$5)^14,IF(Dashboard!$B$14="MRR ($)",$B8*Dashboard!$B$4*(1-Dashboard!$B$5+Dashboard!$B$6)^14,IF(Dashboard!$B$14="Churned Customers",$B8*(1-(1-Dashboard!$B$5)^14),IF(Dashboard!$B$14="Cumulative Revenue ($)",$B8*Dashboard!$B$4*IF(Dashboard!$B$5=Dashboard!$B$6,15,((1-Dashboard!$B$5+Dashboard!$B$6)^15-1)/(Dashboard!$B$6-Dashboard!$B$5)),IF(Dashboard!$B$14="LTV per Customer ($)",IF($B8>0,Dashboard!$B$4*IF(Dashboard!$B$5=Dashboard!$B$6,15,((1-Dashboard!$B$5+Dashboard!$B$6)^15-1)/(Dashboard!$B$6-Dashboard!$B$5)),0),""))))) -> 0.36204394 | R8: =IF(Dashboard!$B$14="Retention %",(1-Dashboard!$B$5)^15,IF(Dashboard!$B$14="MRR ($)",$B8*Dashboard!$B$4*(1-Dashboard!$B$5+Dashboard!$B$6)^15,IF(Dashboard!$B$14="Churned Customers",$B8*(1-(1-Dashboard!$B$5)^15),IF(Dashboard!$B$14="Cumulative Revenue ($)",$B8*Dashboard!$B$4*IF(Dashboard!$B$5=Dashboard!$B$6,16,((1-Dashboard!$B$5+Dashboard!$B$6)^16-1)/(Dashboard!$B$6-Dashboard!$B$5)),IF(Dashboard!$B$14="LTV per Customer ($)",IF($B8>0,Dashboard!$B$4*IF(Dashboard!$B$5=Dashboard!$B$6,16,((1-Dashboard!$B$5+Dashboard!$B$6)^16-1)/(Dashboard!$B$6-Dashboard!$B$5)),0),""))))) -> 0.33670086 | S8: =IF(Dashboard!$B$14="Retention %",(1-Dashboard!$B$5)^16,IF(Dashboard!$B$14="MRR ($)",$B8*Dashboard!$B$4*(1-Dashboard!$B$5+Dashboard!$B$6)^16,IF(Dashboard!$B$14="Churned Customers",$B8*(1-(1-Dashboard!$B$5)^16),IF(Dashboard!$B$14="Cumulative Revenue ($)",$B8*Dashboard!$B$4*IF(Dashboard!$B$5=Dashboard!$B$6,17,((1-Dashboard!$B$5+Dashboard!$B$6)^17-1)/(Dashboard!$B$6-Dashboard!$B$5)),IF(Dashboard!$B$14="LTV per Customer ($)",IF($B8>0,Dashboard!$B$4*IF(Dashboard!$B$5=Dashboard!$B$6,17,((1-Dashboard!$B$5+Dashboard!$B$6)^17-1)/(Dashboard!$B$6-Dashboard!$B$5)),0),""))))) -> 0.3131318 | T8: =IF(Dashboard!$B$14="Retention %",(1-Dashboard!$B$5)^17,IF(Dashboard!$B$14="MRR ($)",$B8*Dashboard!$B$4*(1-Dashboard!$B$5+Dashboard!$B$6)^17,IF(Dashboard!$B$14="Churned Customers",$B8*(1-(1-Dashboard!$B$5)^17),IF(Dashboard!$B$14="Cumulative Revenue ($)",$B8*Dashboard!$B$4*IF(Dashboard!$B$5=Dashboard!$B$6,18,((1-Dashboard!$B$5+Dashboard!$B$6)^18-1)/(Dashboard!$B$6-Dashboard!$B$5)),IF(Dashboard!$B$14="LTV per Customer ($)",IF($B8>0,Dashboard!$B$4*IF(Dashboard!$B$5=Dashboard!$B$6,18,((1-Dashboard!$B$5+Dashboard!$B$6)^18-1)/(Dashboard!$B$6-Dashboard!$B$5)),0),""))))) -> 0.29121258 | U8: =IF(Dashboard!$B$14="Retention %",(1-Dashboard!$B$5)^18,IF(Dashboard!$B$14="MRR ($)",$B8*Dashboard!$B$4*(1-Dashboard!$B$5+Dashboard!$B$6)^18,IF(Dashboard!$B$14="Churned Customers",$B8*(1-(1-Dashboard!$B$5)^18),IF(Dashboard!$B$14="Cumulative Revenue ($)",$B8*Dashboard!$B$4*IF(Dashboard!$B$5=Dashboard!$B$6,19,((1-Dashboard!$B$5+Dashboard!$B$6)^19-1)/(Dashboard!$B$6-Dashboard!$B$5)),IF(Dashboard!$B$14="LTV per Customer ($)",IF($B8>0,Dashboard!$B$4*IF(Dashboard!$B$5=Dashboard!$B$6,19,((1-Dashboard!$B$5+Dashboard!$B$6)^19-1)/(Dashboard!$B$6-Dashboard!$B$5)),0),""))))) -> 0.2708277 | V8: =IF(Dashboard!$B$14="Retention %",(1-Dashboard!$B$5)^19,IF(Dashboard!$B$14="MRR ($)",$B8*Dashboard!$B$4*(1-Dashboard!$B$5+Dashboard!$B$6)^19,IF(Dashboard!$B$14="Churned Customers",$B8*(1-(1-Dashboard!$B$5)^19),IF(Dashboard!$B$14="Cumulative Revenue ($)",$B8*Dashboard!$B$4*IF(Dashboard!$B$5=Dashboard!$B$6,20,((1-Dashboard!$B$5+Dashboard!$B$6)^20-1)/(Dashboard!$B$6-Dashboard!$B$5)),IF(Dashboard!$B$14="LTV per Customer ($)",IF($B8>0,Dashboard!$B$4*IF(Dashboard!$B$5=Dashboard!$B$6,20,((1-Dashboard!$B$5+Dashboard!$B$6)^20-1)/(Dashboard!$B$6-Dashboard!$B$5)),0),""))))) -> 0.25186976 | W8: =IF(Dashboard!$B$14="Retention %",(1-Dashboard!$B$5)^20,IF(Dashboard!$B$14="MRR ($)",$B8*Dashboard!$B$4*(1-Dashboard!$B$5+Dashboard!$B$6)^20,IF(Dashboard!$B$14="Churned Customers",$B8*(1-(1-Dashboard!$B$5)^20),IF(Dashboard!$B$14="Cumulative Revenue ($)",$B8*Dashboard!$B$4*IF(Dashboard!$B$5=Dashboard!$B$6,21,((1-Dashboard!$B$5+Dashboard!$B$6)^21-1)/(Dashboard!$B$6-Dashboard!$B$5)),IF(Dashboard!$B$14="LTV per Customer ($)",IF($B8>0,Dashboard!$B$4*IF(Dashboard!$B$5=Dashboard!$B$6,21,((1-Dashboard!$B$5+Dashboard!$B$6)^21-1)/(Dashboard!$B$6-Dashboard!$B$5)),0),""))))) -> 0.23423887 | X8: =IF(Dashboard!$B$14="Retention %",(1-Dashboard!$B$5)^21,IF(Dashboard!$B$14="MRR ($)",$B8*Dashboard!$B$4*(1-Dashboard!$B$5+Dashboard!$B$6)^21,IF(Dashboard!$B$14="Churned Customers",$B8*(1-(1-Dashboard!$B$5)^21),IF(Dashboard!$B$14="Cumulative Revenue ($)",$B8*Dashboard!$B$4*IF(Dashboard!$B$5=Dashboard!$B$6,22,((1-Dashboard!$B$5+Dashboard!$B$6)^22-1)/(Dashboard!$B$6-Dashboard!$B$5)),IF(Dashboard!$B$14="LTV per Customer ($)",IF($B8>0,Dashboard!$B$4*IF(Dashboard!$B$5=Dashboard!$B$6,22,((1-Dashboard!$B$5+Dashboard!$B$6)^22-1)/(Dashboard!$B$6-Dashboard!$B$5)),0),""))))) -> 0.21784215 | Y8: =IF(Dashboard!$B$14="Retention %",(1-Dashboard!$B$5)^22,IF(Dashboard!$B$14="MRR ($)",$B8*Dashboard!$B$4*(1-Dashboard!$B$5+Dashboard!$B$6)^22,IF(Dashboard!$B$14="Churned Customers",$B8*(1-(1-Dashboard!$B$5)^22),IF(Dashboard!$B$14="Cumulative Revenue ($)",$B8*Dashboard!$B$4*IF(Dashboard!$B$5=Dashboard!$B$6,23,((1-Dashboard!$B$5+Dashboard!$B$6)^23-1)/(Dashboard!$B$6-Dashboard!$B$5)),IF(Dashboard!$B$14="LTV per Customer ($)",IF($B8>0,Dashboard!$B$4*IF(Dashboard!$B$5=Dashboard!$B$6,23,((1-Dashboard!$B$5+Dashboard!$B$6)^23-1)/(Dashboard!$B$6-Dashboard!$B$5)),0),""))))) -> 0.2025932 | Z8: =IF(Dashboard!$B$14="Retention %",(1-Dashboard!$B$5)^23,IF(Dashboard!$B$14="MRR ($)",$B8*Dashboard!$B$4*(1-Dashboard!$B$5+Dashboard!$B$6)^23,IF(Dashboard!$B$14="Churned Customers",$B8*(1-(1-Dashboard!$B$5)^23),IF(Dashboard!$B$14="Cumulative Revenue ($)",$B8*Dashboard!$B$4*IF(Dashboard!$B$5=Dashboard!$B$6,24,((1-Dashboard!$B$5+Dashboard!$B$6)^24-1)/(Dashboard!$B$6-Dashboard!$B$5)),IF(Dashboard!$B$14="LTV per Customer ($)",IF($B8>0,Dashboard!$B$4*IF(Dashboard!$B$5=Dashboard!$B$6,24,((1-Dashboard!$B$5+Dashboard!$B$6)^24-1)/(Dashboard!$B$6-Dashboard!$B$5)),0),""))))) -> 0.18841168 | AA8: =IF(Dashboard!$B$14="Retention %",(1-Dashboard!$B$5)^24,IF(Dashboard!$B$14="MRR ($)",$B8*Dashboard!$B$4*(1-Dashboard!$B$5+Dashboard!$B$6)^24,IF(Dashboard!$B$14="Churned Customers",$B8*(1-(1-Dashboard!$B$5)^24),IF(Dashboard!$B$14="Cumulative Revenue ($)",$B8*Dashboard!$B$4*IF(Dashboard!$B$5=Dashboard!$B$6,25,((1-Dashboard!$B$5+Dashboard!$B$6)^25-1)/(Dashboard!$B$6-Dashboard!$B$5)),IF(Dashboard!$B$14="LTV per Customer ($)",IF($B8>0,Dashboard!$B$4*IF(Dashboard!$B$5=Dashboard!$B$6,25,((1-Dashboard!$B$5+Dashboard!$B$6)^25-1)/(Dashboard!$B$6-Dashboard!$B$5)),0),""))))) -> 0.17522286 | AB8: =IF(Dashboard!$B$14="Retention %",(1-Dashboard!$B$5)^25,IF(Dashboard!$B$14="MRR ($)",$B8*Dashboard!$B$4*(1-Dashboard!$B$5+Dashboard!$B$6)^25,IF(Dashboard!$B$14="Churned Customers",$B8*(1-(1-Dashboard!$B$5)^25),IF(Dashboard!$B$14="Cumulative Revenue ($)",$B8*Dashboard!$B$4*IF(Dashboard!$B$5=Dashboard!$B$6,26,((1-Dashboard!$B$5+Dashboard!$B$6)^26-1)/(Dashboard!$B$6-Dashboard!$B$5)),IF(Dashboard!$B$14="LTV per Customer ($)",IF($B8>0,Dashboard!$B$4*IF(Dashboard!$B$5=Dashboard!$B$6,26,((1-Dashboard!$B$5+Dashboard!$B$6)^26-1)/(Dashboard!$B$6-Dashboard!$B$5)),0),""))))) -> 0.16295726 | AC8: =IF(Dashboard!$B$14="Retention %",(1-Dashboard!$B$5)^26,IF(Dashboard!$B$14="MRR ($)",$B8*Dashboard!$B$4*(1-Dashboard!$B$5+Dashboard!$B$6)^26,IF(Dashboard!$B$14="Churned Customers",$B8*(1-(1-Dashboard!$B$5)^26),IF(Dashboard!$B$14="Cumulative Revenue ($)",$B8*Dashboard!$B$4*IF(Dashboard!$B$5=Dashboard!$B$6,27,((1-Dashboard!$B$5+Dashboard!$B$6)^27-1)/(Dashboard!$B$6-Dashboard!$B$5)),IF(Dashboard!$B$14="LTV per Customer ($)",IF($B8>0,Dashboard!$B$4*IF(Dashboard!$B$5=Dashboard!$B$6,27,((1-Dashboard!$B$5+Dashboard!$B$6)^27-1)/(Dashboard!$B$6-Dashboard!$B$5)),0),""))))) -> 0.15155025 | AD8: =IF(Dashboard!$B$14="Retention %",(1-Dashboard!$B$5)^27,IF(Dashboard!$B$14="MRR ($)",$B8*Dashboard!$B$4*(1-Dashboard!$B$5+Dashboard!$B$6)^27,IF(Dashboard!$B$14="Churned Customers",$B8*(1-(1-Dashboard!$B$5)^27),IF(Dashboard!$B$14="Cumulative Revenue ($)",$B8*Dashboard!$B$4*IF(Dashboard!$B$5=Dashboard!$B$6,28,((1-Dashboard!$B$5+Dashboard!$B$6)^28-1)/(Dashboard!$B$6-Dashboard!$B$5)),IF(Dashboard!$B$14="LTV per Customer ($)",IF($B8>0,Dashboard!$B$4*IF(Dashboard!$B$5=Dashboard!$B$6,28,((1-Dashboard!$B$5+Dashboard!$B$6)^28-1)/(Dashboard!$B$6-Dashboard!$B$5)),0),""))))) -> 0.14094173 | AE8: =IF(Dashboard!$B$14="Retention %",(1-Dashboard!$B$5)^28,IF(Dashboard!$B$14="MRR ($)",$B8*Dashboard!$B$4*(1-Dashboard!$B$5+Dashboard!$B$6)^28,IF(Dashboard!$B$14="Churned Customers",$B8*(1-(1-Dashboard!$B$5)^28),IF(Dashboard!$B$14="Cumulative Revenue ($)",$B8*Dashboard!$B$4*IF(Dashboard!$B$5=Dashboard!$B$6,29,((1-Dashboard!$B$5+Dashboard!$B$6)^29-1)/(Dashboard!$B$6-Dashboard!$B$5)),IF(Dashboard!$B$14="LTV per Customer ($)",IF($B8>0,Dashboard!$B$4*IF(Dashboard!$B$5=Dashboard!$B$6,29,((1-Dashboard!$B$5+Dashboard!$B$6)^29-1)/(Dashboard!$B$6-Dashboard!$B$5)),0),""))))) -> 0.13107581 | AF8: =IF(Dashboard!$B$14="Retention %",(1-Dashboard!$B$5)^29,IF(Dashboard!$B$14="MRR ($)",$B8*Dashboard!$B$4*(1-Dashboard!$B$5+Dashboard!$B$6)^29,IF(Dashboard!$B$14="Churned Customers",$B8*(1-(1-Dashboard!$B$5)^29),IF(Dashboard!$B$14="Cumulative Revenue ($)",$B8*Dashboard!$B$4*IF(Dashboard!$B$5=Dashboard!$B$6,30,((1-Dashboard!$B$5+Dashboard!$B$6)^30-1)/(Dashboard!$B$6-Dashboard!$B$5)),IF(Dashboard!$B$14="LTV per Customer ($)",IF($B8>0,Dashboard!$B$4*IF(Dashboard!$B$5=Dashboard!$B$6,30,((1-Dashboard!$B$5+Dashboard!$B$6)^30-1)/(Dashboard!$B$6-Dashboard!$B$5)),0),""))))) -> 0.12190051 | AG8: =IF(Dashboard!$B$14="Retention %",(1-Dashboard!$B$5)^30,IF(Dashboard!$B$14="MRR ($)",$B8*Dashboard!$B$4*(1-Dashboard!$B$5+Dashboard!$B$6)^30,IF(Dashboard!$B$14="Churned Customers",$B8*(1-(1-Dashboard!$B$5)^30),IF(Dashboard!$B$14="Cumulative Revenue ($)",$B8*Dashboard!$B$4*IF(Dashboard!$B$5=Dashboard!$B$6,31,((1-Dashboard!$B$5+Dashboard!$B$6)^31-1)/(Dashboard!$B$6-Dashboard!$B$5)),IF(Dashboard!$B$14="LTV per Customer ($)",IF($B8>0,Dashboard!$B$4*IF(Dashboard!$B$5=Dashboard!$B$6,31,((1-Dashboard!$B$5+Dashboard!$B$6)^31-1)/(Dashboard!$B$6-Dashboard!$B$5)),0),""))))) -> 0.11336747
A9: Jul '23 Cohort | B9: 1 | C9: =IF(Dashboard!$B$14="Retention %",1,IF(Dashboard!$B$14="MRR ($)",$B9*Dashboard!$B$4,IF(Dashboard!$B$14="Churned Customers",0,IF(Dashboard!$B$14="Cumulative Revenue ($)",$B9*Dashboard!$B$4,IF(Dashboard!$B$14="LTV per Customer ($)",IF($B9>0,Dashboard!$B$4,0),""))))) -> 1 | D9: =IF(Dashboard!$B$14="Retention %",(1-Dashboard!$B$5)^1,IF(Dashboard!$B$14="MRR ($)",$B9*Dashboard!$B$4*(1-Dashboard!$B$5+Dashboard!$B$6)^1,IF(Dashboard!$B$14="Churned Customers",$B9*(1-(1-Dashboard!$B$5)^1),IF(Dashboard!$B$14="Cumulative Revenue ($)",$B9*Dashboard!$B$4*IF(Dashboard!$B$5=Dashboard!$B$6,2,((1-Dashboard!$B$5+Dashboard!$B$6)^2-1)/(Dashboard!$B$6-Dashboard!$B$5)),IF(Dashboard!$B$14="LTV per Customer ($)",IF($B9>0,Dashboard!$B$4*IF(Dashboard!$B$5=Dashboard!$B$6,2,((1-Dashboard!$B$5+Dashboard!$B$6)^2-1)/(Dashboard!$B$6-Dashboard!$B$5)),0),""))))) -> 0.93 | E9: =IF(Dashboard!$B$14="Retention %",(1-Dashboard!$B$5)^2,IF(Dashboard!$B$14="MRR ($)",$B9*Dashboard!$B$4*(1-Dashboard!$B$5+Dashboard!$B$6)^2,IF(Dashboard!$B$14="Churned Customers",$B9*(1-(1-Dashboard!$B$5)^2),IF(Dashboard!$B$14="Cumulative Revenue ($)",$B9*Dashboard!$B$4*IF(Dashboard!$B$5=Dashboard!$B$6,3,((1-Dashboard!$B$5+Dashboard!$B$6)^3-1)/(Dashboard!$B$6-Dashboard!$B$5)),IF(Dashboard!$B$14="LTV per Customer ($)",IF($B9>0,Dashboard!$B$4*IF(Dashboard!$B$5=Dashboard!$B$6,3,((1-Dashboard!$B$5+Dashboard!$B$6)^3-1)/(Dashboard!$B$6-Dashboard!$B$5)),0),""))))) -> 0.8649 | F9: =IF(Dashboard!$B$14="Retention %",(1-Dashboard!$B$5)^3,IF(Dashboard!$B$14="MRR ($)",$B9*Dashboard!$B$4*(1-Dashboard!$B$5+Dashboard!$B$6)^3,IF(Dashboard!$B$14="Churned Customers",$B9*(1-(1-Dashboard!$B$5)^3),IF(Dashboard!$B$14="Cumulative Revenue ($)",$B9*Dashboard!$B$4*IF(Dashboard!$B$5=Dashboard!$B$6,4,((1-Dashboard!$B$5+Dashboard!$B$6)^4-1)/(Dashboard!$B$6-Dashboard!$B$5)),IF(Dashboard!$B$14="LTV per Customer ($)",IF($B9>0,Dashboard!$B$4*IF(Dashboard!$B$5=Dashboard!$B$6,4,((1-Dashboard!$B$5+Dashboard!$B$6)^4-1)/(Dashboard!$B$6-Dashboard!$B$5)),0),""))))) -> 0.804357 | G9: =IF(Dashboard!$B$14="Retention %",(1-Dashboard!$B$5)^4,IF(Dashboard!$B$14="MRR ($)",$B9*Dashboard!$B$4*(1-Dashboard!$B$5+Dashboard!$B$6)^4,IF(Dashboard!$B$14="Churned Customers",$B9*(1-(1-Dashboard!$B$5)^4),IF(Dashboard!$B$14="Cumulative Revenue ($)",$B9*Dashboard!$B$4*IF(Dashboard!$B$5=Dashboard!$B$6,5,((1-Dashboard!$B$5+Dashboard!$B$6)^5-1)/(Dashboard!$B$6-Dashboard!$B$5)),IF(Dashboard!$B$14="LTV per Customer ($)",IF($B9>0,Dashboard!$B$4*IF(Dashboard!$B$5=Dashboard!$B$6,5,((1-Dashboard!$B$5+Dashboard!$B$6)^5-1)/(Dashboard!$B$6-Dashboard!$B$5)),0),""))))) -> 0.74805201 | H9: =IF(Dashboard!$B$14="Retention %",(1-Dashboard!$B$5)^5,IF(Dashboard!$B$14="MRR ($)",$B9*Dashboard!$B$4*(1-Dashboard!$B$5+Dashboard!$B$6)^5,IF(Dashboard!$B$14="Churned Customers",$B9*(1-(1-Dashboard!$B$5)^5),IF(Dashboard!$B$14="Cumulative Revenue ($)",$B9*Dashboard!$B$4*IF(Dashboard!$B$5=Dashboard!$B$6,6,((1-Dashboard!$B$5+Dashboard!$B$6)^6-1)/(Dashboard!$B$6-Dashboard!$B$5)),IF(Dashboard!$B$14="LTV per Customer ($)",IF($B9>0,Dashboard!$B$4*IF(Dashboard!$B$5=Dashboard!$B$6,6,((1-Dashboard!$B$5+Dashboard!$B$6)^6-1)/(Dashboard!$B$6-Dashboard!$B$5)),0),""))))) -> 0.69568837 | I9: =IF(Dashboard!$B$14="Retention %",(1-Dashboard!$B$5)^6,IF(Dashboard!$B$14="MRR ($)",$B9*Dashboard!$B$4*(1-Dashboard!$B$5+Dashboard!$B$6)^6,IF(Dashboard!$B$14="Churned Customers",$B9*(1-(1-Dashboard!$B$5)^6),IF(Dashboard!$B$14="Cumulative Revenue ($)",$B9*Dashboard!$B$4*IF(Dashboard!$B$5=Dashboard!$B$6,7,((1-Dashboard!$B$5+Dashboard!$B$6)^7-1)/(Dashboard!$B$6-Dashboard!$B$5)),IF(Dashboard!$B$14="LTV per Customer ($)",IF($B9>0,Dashboard!$B$4*IF(Dashboard!$B$5=Dashboard!$B$6,7,((1-Dashboard!$B$5+Dashboard!$B$6)^7-1)/(Dashboard!$B$6-Dashboard!$B$5)),0),""))))) -> 0.64699018 | J9: =IF(Dashboard!$B$14="Retention %",(1-Dashboard!$B$5)^7,IF(Dashboard!$B$14="MRR ($)",$B9*Dashboard!$B$4*(1-Dashboard!$B$5+Dashboard!$B$6)^7,IF(Dashboard!$B$14="Churned Customers",$B9*(1-(1-Dashboard!$B$5)^7),IF(Dashboard!$B$14="Cumulative Revenue ($)",$B9*Dashboard!$B$4*IF(Dashboard!$B$5=Dashboard!$B$6,8,((1-Dashboard!$B$5+Dashboard!$B$6)^8-1)/(Dashboard!$B$6-Dashboard!$B$5)),IF(Dashboard!$B$14="LTV per Customer ($)",IF($B9>0,Dashboard!$B$4*IF(Dashboard!$B$5=Dashboard!$B$6,8,((1-Dashboard!$B$5+Dashboard!$B$6)^8-1)/(Dashboard!$B$6-Dashboard!$B$5)),0),""))))) -> 0.60170087 | K9: =IF(Dashboard!$B$14="Retention %",(1-Dashboard!$B$5)^8,IF(Dashboard!$B$14="MRR ($)",$B9*Dashboard!$B$4*(1-Dashboard!$B$5+Dashboard!$B$6)^8,IF(Dashboard!$B$14="Churned Customers",$B9*(1-(1-Dashboard!$B$5)^8),IF(Dashboard!$B$14="Cumulative Revenue ($)",$B9*Dashboard!$B$4*IF(Dashboard!$B$5=Dashboard!$B$6,9,((1-Dashboard!$B$5+Dashboard!$B$6)^9-1)/(Dashboard!$B$6-Dashboard!$B$5)),IF(Dashboard!$B$14="LTV per Customer ($)",IF($B9>0,Dashboard!$B$4*IF(Dashboard!$B$5=Dashboard!$B$6,9,((1-Dashboard!$B$5+Dashboard!$B$6)^9-1)/(Dashboard!$B$6-Dashboard!$B$5)),0),""))))) -> 0.55958181 | L9: =IF(Dashboard!$B$14="Retention %",(1-Dashboard!$B$5)^9,IF(Dashboard!$B$14="MRR ($)",$B9*Dashboard!$B$4*(1-Dashboard!$B$5+Dashboard!$B$6)^9,IF(Dashboard!$B$14="Churned Customers",$B9*(1-(1-Dashboard!$B$5)^9),IF(Dashboard!$B$14="Cumulative Revenue ($)",$B9*Dashboard!$B$4*IF(Dashboard!$B$5=Dashboard!$B$6,10,((1-Dashboard!$B$5+Dashboard!$B$6)^10-1)/(Dashboard!$B$6-Dashboard!$B$5)),IF(Dashboard!$B$14="LTV per Customer ($)",IF($B9>0,Dashboard!$B$4*IF(Dashboard!$B$5=Dashboard!$B$6,10,((1-Dashboard!$B$5+Dashboard!$B$6)^10-1)/(Dashboard!$B$6-Dashboard!$B$5)),0),""))))) -> 0.52041108 | M9: =IF(Dashboard!$B$14="Retention %",(1-Dashboard!$B$5)^10,IF(Dashboard!$B$14="MRR ($)",$B9*Dashboard!$B$4*(1-Dashboard!$B$5+Dashboard!$B$6)^10,IF(Dashboard!$B$14="Churned Customers",$B9*(1-(1-Dashboard!$B$5)^10),IF(Dashboard!$B$14="Cumulative Revenue ($)",$B9*Dashboard!$B$4*IF(Dashboard!$B$5=Dashboard!$B$6,11,((1-Dashboard!$B$5+Dashboard!$B$6)^11-1)/(Dashboard!$B$6-Dashboard!$B$5)),IF(Dashboard!$B$14="LTV per Customer ($)",IF($B9>0,Dashboard!$B$4*IF(Dashboard!$B$5=Dashboard!$B$6,11,((1-Dashboard!$B$5+Dashboard!$B$6)^11-1)/(Dashboard!$B$6-Dashboard!$B$5)),0),""))))) -> 0.48398231 | N9: =IF(Dashboard!$B$14="Retention %",(1-Dashboard!$B$5)^11,IF(Dashboard!$B$14="MRR ($)",$B9*Dashboard!$B$4*(1-Dashboard!$B$5+Dashboard!$B$6)^11,IF(Dashboard!$B$14="Churned Customers",$B9*(1-(1-Dashboard!$B$5)^11),IF(Dashboard!$B$14="Cumulative Revenue ($)",$B9*Dashboard!$B$4*IF(Dashboard!$B$5=Dashboard!$B$6,12,((1-Dashboard!$B$5+Dashboard!$B$6)^12-1)/(Dashboard!$B$6-Dashboard!$B$5)),IF(Dashboard!$B$14="LTV per Customer ($)",IF($B9>0,Dashboard!$B$4*IF(Dashboard!$B$5=Dashboard!$B$6,12,((1-Dashboard!$B$5+Dashboard!$B$6)^12-1)/(Dashboard!$B$6-Dashboard!$B$5)),0),""))))) -> 0.45010355 | O9: =IF(Dashboard!$B$14="Retention %",(1-Dashboard!$B$5)^12,IF(Dashboard!$B$14="MRR ($)",$B9*Dashboard!$B$4*(1-Dashboard!$B$5+Dashboard!$B$6)^12,IF(Dashboard!$B$14="Churned Customers",$B9*(1-(1-Dashboard!$B$5)^12),IF(Dashboard!$B$14="Cumulative Revenue ($)",$B9*Dashboard!$B$4*IF(Dashboard!$B$5=Dashboard!$B$6,13,((1-Dashboard!$B$5+Dashboard!$B$6)^13-1)/(Dashboard!$B$6-Dashboard!$B$5)),IF(Dashboard!$B$14="LTV per Customer ($)",IF($B9>0,Dashboard!$B$4*IF(Dashboard!$B$5=Dashboard!$B$6,13,((1-Dashboard!$B$5+Dashboard!$B$6)^13-1)/(Dashboard!$B$6-Dashboard!$B$5)),0),""))))) -> 0.4185963 | P9: =IF(Dashboard!$B$14="Retention %",(1-Dashboard!$B$5)^13,IF(Dashboard!$B$14="MRR ($)",$B9*Dashboard!$B$4*(1-Dashboard!$B$5+Dashboard!$B$6)^13,IF(Dashboard!$B$14="Churned Customers",$B9*(1-(1-Dashboard!$B$5)^13),IF(Dashboard!$B$14="Cumulative Revenue ($)",$B9*Dashboard!$B$4*IF(Dashboard!$B$5=Dashboard!$B$6,14,((1-Dashboard!$B$5+Dashboard!$B$6)^14-1)/(Dashboard!$B$6-Dashboard!$B$5)),IF(Dashboard!$B$14="LTV per Customer ($)",IF($B9>0,Dashboard!$B$4*IF(Dashboard!$B$5=Dashboard!$B$6,14,((1-Dashboard!$B$5+Dashboard!$B$6)^14-1)/(Dashboard!$B$6-Dashboard!$B$5)),0),""))))) -> 0.38929456 | Q9: =IF(Dashboard!$B$14="Retention %",(1-Dashboard!$B$5)^14,IF(Dashboard!$B$14="MRR ($)",$B9*Dashboard!$B$4*(1-Dashboard!$B$5+Dashboard!$B$6)^14,IF(Dashboard!$B$14="Churned Customers",$B9*(1-(1-Dashboard!$B$5)^14),IF(Dashboard!$B$14="Cumulative Revenue ($)",$B9*Dashboard!$B$4*IF(Dashboard!$B$5=Dashboard!$B$6,15,((1-Dashboard!$B$5+Dashboard!$B$6)^15-1)/(Dashboard!$B$6-Dashboard!$B$5)),IF(Dashboard!$B$14="LTV per Customer ($)",IF($B9>0,Dashboard!$B$4*IF(Dashboard!$B$5=Dashboard!$B$6,15,((1-Dashboard!$B$5+Dashboard!$B$6)^15-1)/(Dashboard!$B$6-Dashboard!$B$5)),0),""))))) -> 0.36204394 | R9: =IF(Dashboard!$B$14="Retention %",(1-Dashboard!$B$5)^15,IF(Dashboard!$B$14="MRR ($)",$B9*Dashboard!$B$4*(1-Dashboard!$B$5+Dashboard!$B$6)^15,IF(Dashboard!$B$14="Churned Customers",$B9*(1-(1-Dashboard!$B$5)^15),IF(Dashboard!$B$14="Cumulative Revenue ($)",$B9*Dashboard!$B$4*IF(Dashboard!$B$5=Dashboard!$B$6,16,((1-Dashboard!$B$5+Dashboard!$B$6)^16-1)/(Dashboard!$B$6-Dashboard!$B$5)),IF(Dashboard!$B$14="LTV per Customer ($)",IF($B9>0,Dashboard!$B$4*IF(Dashboard!$B$5=Dashboard!$B$6,16,((1-Dashboard!$B$5+Dashboard!$B$6)^16-1)/(Dashboard!$B$6-Dashboard!$B$5)),0),""))))) -> 0.33670086 | S9: =IF(Dashboard!$B$14="Retention %",(1-Dashboard!$B$5)^16,IF(Dashboard!$B$14="MRR ($)",$B9*Dashboard!$B$4*(1-Dashboard!$B$5+Dashboard!$B$6)^16,IF(Dashboard!$B$14="Churned Customers",$B9*(1-(1-Dashboard!$B$5)^16),IF(Dashboard!$B$14="Cumulative Revenue ($)",$B9*Dashboard!$B$4*IF(Dashboard!$B$5=Dashboard!$B$6,17,((1-Dashboard!$B$5+Dashboard!$B$6)^17-1)/(Dashboard!$B$6-Dashboard!$B$5)),IF(Dashboard!$B$14="LTV per Customer ($)",IF($B9>0,Dashboard!$B$4*IF(Dashboard!$B$5=Dashboard!$B$6,17,((1-Dashboard!$B$5+Dashboard!$B$6)^17-1)/(Dashboard!$B$6-Dashboard!$B$5)),0),""))))) -> 0.3131318 | T9: =IF(Dashboard!$B$14="Retention %",(1-Dashboard!$B$5)^17,IF(Dashboard!$B$14="MRR ($)",$B9*Dashboard!$B$4*(1-Dashboard!$B$5+Dashboard!$B$6)^17,IF(Dashboard!$B$14="Churned Customers",$B9*(1-(1-Dashboard!$B$5)^17),IF(Dashboard!$B$14="Cumulative Revenue ($)",$B9*Dashboard!$B$4*IF(Dashboard!$B$5=Dashboard!$B$6,18,((1-Dashboard!$B$5+Dashboard!$B$6)^18-1)/(Dashboard!$B$6-Dashboard!$B$5)),IF(Dashboard!$B$14="LTV per Customer ($)",IF($B9>0,Dashboard!$B$4*IF(Dashboard!$B$5=Dashboard!$B$6,18,((1-Dashboard!$B$5+Dashboard!$B$6)^18-1)/(Dashboard!$B$6-Dashboard!$B$5)),0),""))))) -> 0.29121258 | U9: =IF(Dashboard!$B$14="Retention %",(1-Dashboard!$B$5)^18,IF(Dashboard!$B$14="MRR ($)",$B9*Dashboard!$B$4*(1-Dashboard!$B$5+Dashboard!$B$6)^18,IF(Dashboard!$B$14="Churned Customers",$B9*(1-(1-Dashboard!$B$5)^18),IF(Dashboard!$B$14="Cumulative Revenue ($)",$B9*Dashboard!$B$4*IF(Dashboard!$B$5=Dashboard!$B$6,19,((1-Dashboard!$B$5+Dashboard!$B$6)^19-1)/(Dashboard!$B$6-Dashboard!$B$5)),IF(Dashboard!$B$14="LTV per Customer ($)",IF($B9>0,Dashboard!$B$4*IF(Dashboard!$B$5=Dashboard!$B$6,19,((1-Dashboard!$B$5+Dashboard!$B$6)^19-1)/(Dashboard!$B$6-Dashboard!$B$5)),0),""))))) -> 0.2708277 | V9: =IF(Dashboard!$B$14="Retention %",(1-Dashboard!$B$5)^19,IF(Dashboard!$B$14="MRR ($)",$B9*Dashboard!$B$4*(1-Dashboard!$B$5+Dashboard!$B$6)^19,IF(Dashboard!$B$14="Churned Customers",$B9*(1-(1-Dashboard!$B$5)^19),IF(Dashboard!$B$14="Cumulative Revenue ($)",$B9*Dashboard!$B$4*IF(Dashboard!$B$5=Dashboard!$B$6,20,((1-Dashboard!$B$5+Dashboard!$B$6)^20-1)/(Dashboard!$B$6-Dashboard!$B$5)),IF(Dashboard!$B$14="LTV per Customer ($)",IF($B9>0,Dashboard!$B$4*IF(Dashboard!$B$5=Dashboard!$B$6,20,((1-Dashboard!$B$5+Dashboard!$B$6)^20-1)/(Dashboard!$B$6-Dashboard!$B$5)),0),""))))) -> 0.25186976 | W9: =IF(Dashboard!$B$14="Retention %",(1-Dashboard!$B$5)^20,IF(Dashboard!$B$14="MRR ($)",$B9*Dashboard!$B$4*(1-Dashboard!$B$5+Dashboard!$B$6)^20,IF(Dashboard!$B$14="Churned Customers",$B9*(1-(1-Dashboard!$B$5)^20),IF(Dashboard!$B$14="Cumulative Revenue ($)",$B9*Dashboard!$B$4*IF(Dashboard!$B$5=Dashboard!$B$6,21,((1-Dashboard!$B$5+Dashboard!$B$6)^21-1)/(Dashboard!$B$6-Dashboard!$B$5)),IF(Dashboard!$B$14="LTV per Customer ($)",IF($B9>0,Dashboard!$B$4*IF(Dashboard!$B$5=Dashboard!$B$6,21,((1-Dashboard!$B$5+Dashboard!$B$6)^21-1)/(Dashboard!$B$6-Dashboard!$B$5)),0),""))))) -> 0.23423887 | X9: =IF(Dashboard!$B$14="Retention %",(1-Dashboard!$B$5)^21,IF(Dashboard!$B$14="MRR ($)",$B9*Dashboard!$B$4*(1-Dashboard!$B$5+Dashboard!$B$6)^21,IF(Dashboard!$B$14="Churned Customers",$B9*(1-(1-Dashboard!$B$5)^21),IF(Dashboard!$B$14="Cumulative Revenue ($)",$B9*Dashboard!$B$4*IF(Dashboard!$B$5=Dashboard!$B$6,22,((1-Dashboard!$B$5+Dashboard!$B$6)^22-1)/(Dashboard!$B$6-Dashboard!$B$5)),IF(Dashboard!$B$14="LTV per Customer ($)",IF($B9>0,Dashboard!$B$4*IF(Dashboard!$B$5=Dashboard!$B$6,22,((1-Dashboard!$B$5+Dashboard!$B$6)^22-1)/(Dashboard!$B$6-Dashboard!$B$5)),0),""))))) -> 0.21784215 | Y9: =IF(Dashboard!$B$14="Retention %",(1-Dashboard!$B$5)^22,IF(Dashboard!$B$14="MRR ($)",$B9*Dashboard!$B$4*(1-Dashboard!$B$5+Dashboard!$B$6)^22,IF(Dashboard!$B$14="Churned Customers",$B9*(1-(1-Dashboard!$B$5)^22),IF(Dashboard!$B$14="Cumulative Revenue ($)",$B9*Dashboard!$B$4*IF(Dashboard!$B$5=Dashboard!$B$6,23,((1-Dashboard!$B$5+Dashboard!$B$6)^23-1)/(Dashboard!$B$6-Dashboard!$B$5)),IF(Dashboard!$B$14="LTV per Customer ($)",IF($B9>0,Dashboard!$B$4*IF(Dashboard!$B$5=Dashboard!$B$6,23,((1-Dashboard!$B$5+Dashboard!$B$6)^23-1)/(Dashboard!$B$6-Dashboard!$B$5)),0),""))))) -> 0.2025932 | Z9: =IF(Dashboard!$B$14="Retention %",(1-Dashboard!$B$5)^23,IF(Dashboard!$B$14="MRR ($)",$B9*Dashboard!$B$4*(1-Dashboard!$B$5+Dashboard!$B$6)^23,IF(Dashboard!$B$14="Churned Customers",$B9*(1-(1-Dashboard!$B$5)^23),IF(Dashboard!$B$14="Cumulative Revenue ($)",$B9*Dashboard!$B$4*IF(Dashboard!$B$5=Dashboard!$B$6,24,((1-Dashboard!$B$5+Dashboard!$B$6)^24-1)/(Dashboard!$B$6-Dashboard!$B$5)),IF(Dashboard!$B$14="LTV per Customer ($)",IF($B9>0,Dashboard!$B$4*IF(Dashboard!$B$5=Dashboard!$B$6,24,((1-Dashboard!$B$5+Dashboard!$B$6)^24-1)/(Dashboard!$B$6-Dashboard!$B$5)),0),""))))) -> 0.18841168 | AA9: =IF(Dashboard!$B$14="Retention %",(1-Dashboard!$B$5)^24,IF(Dashboard!$B$14="MRR ($)",$B9*Dashboard!$B$4*(1-Dashboard!$B$5+Dashboard!$B$6)^24,IF(Dashboard!$B$14="Churned Customers",$B9*(1-(1-Dashboard!$B$5)^24),IF(Dashboard!$B$14="Cumulative Revenue ($)",$B9*Dashboard!$B$4*IF(Dashboard!$B$5=Dashboard!$B$6,25,((1-Dashboard!$B$5+Dashboard!$B$6)^25-1)/(Dashboard!$B$6-Dashboard!$B$5)),IF(Dashboard!$B$14="LTV per Customer ($)",IF($B9>0,Dashboard!$B$4*IF(Dashboard!$B$5=Dashboard!$B$6,25,((1-Dashboard!$B$5+Dashboard!$B$6)^25-1)/(Dashboard!$B$6-Dashboard!$B$5)),0),""))))) -> 0.17522286 | AB9: =IF(Dashboard!$B$14="Retention %",(1-Dashboard!$B$5)^25,IF(Dashboard!$B$14="MRR ($)",$B9*Dashboard!$B$4*(1-Dashboard!$B$5+Dashboard!$B$6)^25,IF(Dashboard!$B$14="Churned Customers",$B9*(1-(1-Dashboard!$B$5)^25),IF(Dashboard!$B$14="Cumulative Revenue ($)",$B9*Dashboard!$B$4*IF(Dashboard!$B$5=Dashboard!$B$6,26,((1-Dashboard!$B$5+Dashboard!$B$6)^26-1)/(Dashboard!$B$6-Dashboard!$B$5)),IF(Dashboard!$B$14="LTV per Customer ($)",IF($B9>0,Dashboard!$B$4*IF(Dashboard!$B$5=Dashboard!$B$6,26,((1-Dashboard!$B$5+Dashboard!$B$6)^26-1)/(Dashboard!$B$6-Dashboard!$B$5)),0),""))))) -> 0.16295726 | AC9: =IF(Dashboard!$B$14="Retention %",(1-Dashboard!$B$5)^26,IF(Dashboard!$B$14="MRR ($)",$B9*Dashboard!$B$4*(1-Dashboard!$B$5+Dashboard!$B$6)^26,IF(Dashboard!$B$14="Churned Customers",$B9*(1-(1-Dashboard!$B$5)^26),IF(Dashboard!$B$14="Cumulative Revenue ($)",$B9*Dashboard!$B$4*IF(Dashboard!$B$5=Dashboard!$B$6,27,((1-Dashboard!$B$5+Dashboard!$B$6)^27-1)/(Dashboard!$B$6-Dashboard!$B$5)),IF(Dashboard!$B$14="LTV per Customer ($)",IF($B9>0,Dashboard!$B$4*IF(Dashboard!$B$5=Dashboard!$B$6,27,((1-Dashboard!$B$5+Dashboard!$B$6)^27-1)/(Dashboard!$B$6-Dashboard!$B$5)),0),""))))) -> 0.15155025 | AD9: =IF(Dashboard!$B$14="Retention %",(1-Dashboard!$B$5)^27,IF(Dashboard!$B$14="MRR ($)",$B9*Dashboard!$B$4*(1-Dashboard!$B$5+Dashboard!$B$6)^27,IF(Dashboard!$B$14="Churned Customers",$B9*(1-(1-Dashboard!$B$5)^27),IF(Dashboard!$B$14="Cumulative Revenue ($)",$B9*Dashboard!$B$4*IF(Dashboard!$B$5=Dashboard!$B$6,28,((1-Dashboard!$B$5+Dashboard!$B$6)^28-1)/(Dashboard!$B$6-Dashboard!$B$5)),IF(Dashboard!$B$14="LTV per Customer ($)",IF($B9>0,Dashboard!$B$4*IF(Dashboard!$B$5=Dashboard!$B$6,28,((1-Dashboard!$B$5+Dashboard!$B$6)^28-1)/(Dashboard!$B$6-Dashboard!$B$5)),0),""))))) -> 0.14094173 | AE9: =IF(Dashboard!$B$14="Retention %",(1-Dashboard!$B$5)^28,IF(Dashboard!$B$14="MRR ($)",$B9*Dashboard!$B$4*(1-Dashboard!$B$5+Dashboard!$B$6)^28,IF(Dashboard!$B$14="Churned Customers",$B9*(1-(1-Dashboard!$B$5)^28),IF(Dashboard!$B$14="Cumulative Revenue ($)",$B9*Dashboard!$B$4*IF(Dashboard!$B$5=Dashboard!$B$6,29,((1-Dashboard!$B$5+Dashboard!$B$6)^29-1)/(Dashboard!$B$6-Dashboard!$B$5)),IF(Dashboard!$B$14="LTV per Customer ($)",IF($B9>0,Dashboard!$B$4*IF(Dashboard!$B$5=Dashboard!$B$6,29,((1-Dashboard!$B$5+Dashboard!$B$6)^29-1)/(Dashboard!$B$6-Dashboard!$B$5)),0),""))))) -> 0.13107581 | AF9: =IF(Dashboard!$B$14="Retention %",(1-Dashboard!$B$5)^29,IF(Dashboard!$B$14="MRR ($)",$B9*Dashboard!$B$4*(1-Dashboard!$B$5+Dashboard!$B$6)^29,IF(Dashboard!$B$14="Churned Customers",$B9*(1-(1-Dashboard!$B$5)^29),IF(Dashboard!$B$14="Cumulative Revenue ($)",$B9*Dashboard!$B$4*IF(Dashboard!$B$5=Dashboard!$B$6,30,((1-Dashboard!$B$5+Dashboard!$B$6)^30-1)/(Dashboard!$B$6-Dashboard!$B$5)),IF(Dashboard!$B$14="LTV per Customer ($)",IF($B9>0,Dashboard!$B$4*IF(Dashboard!$B$5=Dashboard!$B$6,30,((1-Dashboard!$B$5+Dashboard!$B$6)^30-1)/(Dashboard!$B$6-Dashboard!$B$5)),0),""))))) -> 0.12190051
A10: Aug '23 Cohort | B10: 1 | C10: =IF(Dashboard!$B$14="Retention %",1,IF(Dashboard!$B$14="MRR ($)",$B10*Dashboard!$B$4,IF(Dashboard!$B$14="Churned Customers",0,IF(Dashboard!$B$14="Cumulative Revenue ($)",$B10*Dashboard!$B$4,IF(Dashboard!$B$14="LTV per Customer ($)",IF($B10>0,Dashboard!$B$4,0),""))))) -> 1 | D10: =IF(Dashboard!$B$14="Retention %",(1-Dashboard!$B$5)^1,IF(Dashboard!$B$14="MRR ($)",$B10*Dashboard!$B$4*(1-Dashboard!$B$5+Dashboard!$B$6)^1,IF(Dashboard!$B$14="Churned Customers",$B10*(1-(1-Dashboard!$B$5)^1),IF(Dashboard!$B$14="Cumulative Revenue ($)",$B10*Dashboard!$B$4*IF(Dashboard!$B$5=Dashboard!$B$6,2,((1-Dashboard!$B$5+Dashboard!$B$6)^2-1)/(Dashboard!$B$6-Dashboard!$B$5)),IF(Dashboard!$B$14="LTV per Customer ($)",IF($B10>0,Dashboard!$B$4*IF(Dashboard!$B$5=Dashboard!$B$6,2,((1-Dashboard!$B$5+Dashboard!$B$6)^2-1)/(Dashboard!$B$6-Dashboard!$B$5)),0),""))))) -> 0.93 | E10: =IF(Dashboard!$B$14="Retention %",(1-Dashboard!$B$5)^2,IF(Dashboard!$B$14="MRR ($)",$B10*Dashboard!$B$4*(1-Dashboard!$B$5+Dashboard!$B$6)^2,IF(Dashboard!$B$14="Churned Customers",$B10*(1-(1-Dashboard!$B$5)^2),IF(Dashboard!$B$14="Cumulative Revenue ($)",$B10*Dashboard!$B$4*IF(Dashboard!$B$5=Dashboard!$B$6,3,((1-Dashboard!$B$5+Dashboard!$B$6)^3-1)/(Dashboard!$B$6-Dashboard!$B$5)),IF(Dashboard!$B$14="LTV per Customer ($)",IF($B10>0,Dashboard!$B$4*IF(Dashboard!$B$5=Dashboard!$B$6,3,((1-Dashboard!$B$5+Dashboard!$B$6)^3-1)/(Dashboard!$B$6-Dashboard!$B$5)),0),""))))) -> 0.8649 | F10: =IF(Dashboard!$B$14="Retention %",(1-Dashboard!$B$5)^3,IF(Dashboard!$B$14="MRR ($)",$B10*Dashboard!$B$4*(1-Dashboard!$B$5+Dashboard!$B$6)^3,IF(Dashboard!$B$14="Churned Customers",$B10*(1-(1-Dashboard!$B$5)^3),IF(Dashboard!$B$14="Cumulative Revenue ($)",$B10*Dashboard!$B$4*IF(Dashboard!$B$5=Dashboard!$B$6,4,((1-Dashboard!$B$5+Dashboard!$B$6)^4-1)/(Dashboard!$B$6-Dashboard!$B$5)),IF(Dashboard!$B$14="LTV per Customer ($)",IF($B10>0,Dashboard!$B$4*IF(Dashboard!$B$5=Dashboard!$B$6,4,((1-Dashboard!$B$5+Dashboard!$B$6)^4-1)/(Dashboard!$B$6-Dashboard!$B$5)),0),""))))) -> 0.804357 | G10: =IF(Dashboard!$B$14="Retention %",(1-Dashboard!$B$5)^4,IF(Dashboard!$B$14="MRR ($)",$B10*Dashboard!$B$4*(1-Dashboard!$B$5+Dashboard!$B$6)^4,IF(Dashboard!$B$14="Churned Customers",$B10*(1-(1-Dashboard!$B$5)^4),IF(Dashboard!$B$14="Cumulative Revenue ($)",$B10*Dashboard!$B$4*IF(Dashboard!$B$5=Dashboard!$B$6,5,((1-Dashboard!$B$5+Dashboard!$B$6)^5-1)/(Dashboard!$B$6-Dashboard!$B$5)),IF(Dashboard!$B$14="LTV per Customer ($)",IF($B10>0,Dashboard!$B$4*IF(Dashboard!$B$5=Dashboard!$B$6,5,((1-Dashboard!$B$5+Dashboard!$B$6)^5-1)/(Dashboard!$B$6-Dashboard!$B$5)),0),""))))) -> 0.74805201 | H10: =IF(Dashboard!$B$14="Retention %",(1-Dashboard!$B$5)^5,IF(Dashboard!$B$14="MRR ($)",$B10*Dashboard!$B$4*(1-Dashboard!$B$5+Dashboard!$B$6)^5,IF(Dashboard!$B$14="Churned Customers",$B10*(1-(1-Dashboard!$B$5)^5),IF(Dashboard!$B$14="Cumulative Revenue ($)",$B10*Dashboard!$B$4*IF(Dashboard!$B$5=Dashboard!$B$6,6,((1-Dashboard!$B$5+Dashboard!$B$6)^6-1)/(Dashboard!$B$6-Dashboard!$B$5)),IF(Dashboard!$B$14="LTV per Customer ($)",IF($B10>0,Dashboard!$B$4*IF(Dashboard!$B$5=Dashboard!$B$6,6,((1-Dashboard!$B$5+Dashboard!$B$6)^6-1)/(Dashboard!$B$6-Dashboard!$B$5)),0),""))))) -> 0.69568837 | I10: =IF(Dashboard!$B$14="Retention %",(1-Dashboard!$B$5)^6,IF(Dashboard!$B$14="MRR ($)",$B10*Dashboard!$B$4*(1-Dashboard!$B$5+Dashboard!$B$6)^6,IF(Dashboard!$B$14="Churned Customers",$B10*(1-(1-Dashboard!$B$5)^6),IF(Dashboard!$B$14="Cumulative Revenue ($)",$B10*Dashboard!$B$4*IF(Dashboard!$B$5=Dashboard!$B$6,7,((1-Dashboard!$B$5+Dashboard!$B$6)^7-1)/(Dashboard!$B$6-Dashboard!$B$5)),IF(Dashboard!$B$14="LTV per Customer ($)",IF($B10>0,Dashboard!$B$4*IF(Dashboard!$B$5=Dashboard!$B$6,7,((1-Dashboard!$B$5+Dashboard!$B$6)^7-1)/(Dashboard!$B$6-Dashboard!$B$5)),0),""))))) -> 0.64699018 | J10: =IF(Dashboard!$B$14="Retention %",(1-Dashboard!$B$5)^7,IF(Dashboard!$B$14="MRR ($)",$B10*Dashboard!$B$4*(1-Dashboard!$B$5+Dashboard!$B$6)^7,IF(Dashboard!$B$14="Churned Customers",$B10*(1-(1-Dashboard!$B$5)^7),IF(Dashboard!$B$14="Cumulative Revenue ($)",$B10*Dashboard!$B$4*IF(Dashboard!$B$5=Dashboard!$B$6,8,((1-Dashboard!$B$5+Dashboard!$B$6)^8-1)/(Dashboard!$B$6-Dashboard!$B$5)),IF(Dashboard!$B$14="LTV per Customer ($)",IF($B10>0,Dashboard!$B$4*IF(Dashboard!$B$5=Dashboard!$B$6,8,((1-Dashboard!$B$5+Dashboard!$B$6)^8-1)/(Dashboard!$B$6-Dashboard!$B$5)),0),""))))) -> 0.60170087 | K10: =IF(Dashboard!$B$14="Retention %",(1-Dashboard!$B$5)^8,IF(Dashboard!$B$14="MRR ($)",$B10*Dashboard!$B$4*(1-Dashboard!$B$5+Dashboard!$B$6)^8,IF(Dashboard!$B$14="Churned Customers",$B10*(1-(1-Dashboard!$B$5)^8),IF(Dashboard!$B$14="Cumulative Revenue ($)",$B10*Dashboard!$B$4*IF(Dashboard!$B$5=Dashboard!$B$6,9,((1-Dashboard!$B$5+Dashboard!$B$6)^9-1)/(Dashboard!$B$6-Dashboard!$B$5)),IF(Dashboard!$B$14="LTV per Customer ($)",IF($B10>0,Dashboard!$B$4*IF(Dashboard!$B$5=Dashboard!$B$6,9,((1-Dashboard!$B$5+Dashboard!$B$6)^9-1)/(Dashboard!$B$6-Dashboard!$B$5)),0),""))))) -> 0.55958181 | L10: =IF(Dashboard!$B$14="Retention %",(1-Dashboard!$B$5)^9,IF(Dashboard!$B$14="MRR ($)",$B10*Dashboard!$B$4*(1-Dashboard!$B$5+Dashboard!$B$6)^9,IF(Dashboard!$B$14="Churned Customers",$B10*(1-(1-Dashboard!$B$5)^9),IF(Dashboard!$B$14="Cumulative Revenue ($)",$B10*Dashboard!$B$4*IF(Dashboard!$B$5=Dashboard!$B$6,10,((1-Dashboard!$B$5+Dashboard!$B$6)^10-1)/(Dashboard!$B$6-Dashboard!$B$5)),IF(Dashboard!$B$14="LTV per Customer ($)",IF($B10>0,Dashboard!$B$4*IF(Dashboard!$B$5=Dashboard!$B$6,10,((1-Dashboard!$B$5+Dashboard!$B$6)^10-1)/(Dashboard!$B$6-Dashboard!$B$5)),0),""))))) -> 0.52041108 | M10: =IF(Dashboard!$B$14="Retention %",(1-Dashboard!$B$5)^10,IF(Dashboard!$B$14="MRR ($)",$B10*Dashboard!$B$4*(1-Dashboard!$B$5+Dashboard!$B$6)^10,IF(Dashboard!$B$14="Churned Customers",$B10*(1-(1-Dashboard!$B$5)^10),IF(Dashboard!$B$14="Cumulative Revenue ($)",$B10*Dashboard!$B$4*IF(Dashboard!$B$5=Dashboard!$B$6,11,((1-Dashboard!$B$5+Dashboard!$B$6)^11-1)/(Dashboard!$B$6-Dashboard!$B$5)),IF(Dashboard!$B$14="LTV per Customer ($)",IF($B10>0,Dashboard!$B$4*IF(Dashboard!$B$5=Dashboard!$B$6,11,((1-Dashboard!$B$5+Dashboard!$B$6)^11-1)/(Dashboard!$B$6-Dashboard!$B$5)),0),""))))) -> 0.48398231 | N10: =IF(Dashboard!$B$14="Retention %",(1-Dashboard!$B$5)^11,IF(Dashboard!$B$14="MRR ($)",$B10*Dashboard!$B$4*(1-Dashboard!$B$5+Dashboard!$B$6)^11,IF(Dashboard!$B$14="Churned Customers",$B10*(1-(1-Dashboard!$B$5)^11),IF(Dashboard!$B$14="Cumulative Revenue ($)",$B10*Dashboard!$B$4*IF(Dashboard!$B$5=Dashboard!$B$6,12,((1-Dashboard!$B$5+Dashboard!$B$6)^12-1)/(Dashboard!$B$6-Dashboard!$B$5)),IF(Dashboard!$B$14="LTV per Customer ($)",IF($B10>0,Dashboard!$B$4*IF(Dashboard!$B$5=Dashboard!$B$6,12,((1-Dashboard!$B$5+Dashboard!$B$6)^12-1)/(Dashboard!$B$6-Dashboard!$B$5)),0),""))))) -> 0.45010355 | O10: =IF(Dashboard!$B$14="Retention %",(1-Dashboard!$B$5)^12,IF(Dashboard!$B$14="MRR ($)",$B10*Dashboard!$B$4*(1-Dashboard!$B$5+Dashboard!$B$6)^12,IF(Dashboard!$B$14="Churned Customers",$B10*(1-(1-Dashboard!$B$5)^12),IF(Dashboard!$B$14="Cumulative Revenue ($)",$B10*Dashboard!$B$4*IF(Dashboard!$B$5=Dashboard!$B$6,13,((1-Dashboard!$B$5+Dashboard!$B$6)^13-1)/(Dashboard!$B$6-Dashboard!$B$5)),IF(Dashboard!$B$14="LTV per Customer ($)",IF($B10>0,Dashboard!$B$4*IF(Dashboard!$B$5=Dashboard!$B$6,13,((1-Dashboard!$B$5+Dashboard!$B$6)^13-1)/(Dashboard!$B$6-Dashboard!$B$5)),0),""))))) -> 0.4185963 | P10: =IF(Dashboard!$B$14="Retention %",(1-Dashboard!$B$5)^13,IF(Dashboard!$B$14="MRR ($)",$B10*Dashboard!$B$4*(1-Dashboard!$B$5+Dashboard!$B$6)^13,IF(Dashboard!$B$14="Churned Customers",$B10*(1-(1-Dashboard!$B$5)^13),IF(Dashboard!$B$14="Cumulative Revenue ($)",$B10*Dashboard!$B$4*IF(Dashboard!$B$5=Dashboard!$B$6,14,((1-Dashboard!$B$5+Dashboard!$B$6)^14-1)/(Dashboard!$B$6-Dashboard!$B$5)),IF(Dashboard!$B$14="LTV per Customer ($)",IF($B10>0,Dashboard!$B$4*IF(Dashboard!$B$5=Dashboard!$B$6,14,((1-Dashboard!$B$5+Dashboard!$B$6)^14-1)/(Dashboard!$B$6-Dashboard!$B$5)),0),""))))) -> 0.38929456 | Q10: =IF(Dashboard!$B$14="Retention %",(1-Dashboard!$B$5)^14,IF(Dashboard!$B$14="MRR ($)",$B10*Dashboard!$B$4*(1-Dashboard!$B$5+Dashboard!$B$6)^14,IF(Dashboard!$B$14="Churned Customers",$B10*(1-(1-Dashboard!$B$5)^14),IF(Dashboard!$B$14="Cumulative Revenue ($)",$B10*Dashboard!$B$4*IF(Dashboard!$B$5=Dashboard!$B$6,15,((1-Dashboard!$B$5+Dashboard!$B$6)^15-1)/(Dashboard!$B$6-Dashboard!$B$5)),IF(Dashboard!$B$14="LTV per Customer ($)",IF($B10>0,Dashboard!$B$4*IF(Dashboard!$B$5=Dashboard!$B$6,15,((1-Dashboard!$B$5+Dashboard!$B$6)^15-1)/(Dashboard!$B$6-Dashboard!$B$5)),0),""))))) -> 0.36204394 | R10: =IF(Dashboard!$B$14="Retention %",(1-Dashboard!$B$5)^15,IF(Dashboard!$B$14="MRR ($)",$B10*Dashboard!$B$4*(1-Dashboard!$B$5+Dashboard!$B$6)^15,IF(Dashboard!$B$14="Churned Customers",$B10*(1-(1-Dashboard!$B$5)^15),IF(Dashboard!$B$14="Cumulative Revenue ($)",$B10*Dashboard!$B$4*IF(Dashboard!$B$5=Dashboard!$B$6,16,((1-Dashboard!$B$5+Dashboard!$B$6)^16-1)/(Dashboard!$B$6-Dashboard!$B$5)),IF(Dashboard!$B$14="LTV per Customer ($)",IF($B10>0,Dashboard!$B$4*IF(Dashboard!$B$5=Dashboard!$B$6,16,((1-Dashboard!$B$5+Dashboard!$B$6)^16-1)/(Dashboard!$B$6-Dashboard!$B$5)),0),""))))) -> 0.33670086 | S10: =IF(Dashboard!$B$14="Retention %",(1-Dashboard!$B$5)^16,IF(Dashboard!$B$14="MRR ($)",$B10*Dashboard!$B$4*(1-Dashboard!$B$5+Dashboard!$B$6)^16,IF(Dashboard!$B$14="Churned Customers",$B10*(1-(1-Dashboard!$B$5)^16),IF(Dashboard!$B$14="Cumulative Revenue ($)",$B10*Dashboard!$B$4*IF(Dashboard!$B$5=Dashboard!$B$6,17,((1-Dashboard!$B$5+Dashboard!$B$6)^17-1)/(Dashboard!$B$6-Dashboard!$B$5)),IF(Dashboard!$B$14="LTV per Customer ($)",IF($B10>0,Dashboard!$B$4*IF(Dashboard!$B$5=Dashboard!$B$6,17,((1-Dashboard!$B$5+Dashboard!$B$6)^17-1)/(Dashboard!$B$6-Dashboard!$B$5)),0),""))))) -> 0.3131318 | T10: =IF(Dashboard!$B$14="Retention %",(1-Dashboard!$B$5)^17,IF(Dashboard!$B$14="MRR ($)",$B10*Dashboard!$B$4*(1-Dashboard!$B$5+Dashboard!$B$6)^17,IF(Dashboard!$B$14="Churned Customers",$B10*(1-(1-Dashboard!$B$5)^17),IF(Dashboard!$B$14="Cumulative Revenue ($)",$B10*Dashboard!$B$4*IF(Dashboard!$B$5=Dashboard!$B$6,18,((1-Dashboard!$B$5+Dashboard!$B$6)^18-1)/(Dashboard!$B$6-Dashboard!$B$5)),IF(Dashboard!$B$14="LTV per Customer ($)",IF($B10>0,Dashboard!$B$4*IF(Dashboard!$B$5=Dashboard!$B$6,18,((1-Dashboard!$B$5+Dashboard!$B$6)^18-1)/(Dashboard!$B$6-Dashboard!$B$5)),0),""))))) -> 0.29121258 | U10: =IF(Dashboard!$B$14="Retention %",(1-Dashboard!$B$5)^18,IF(Dashboard!$B$14="MRR ($)",$B10*Dashboard!$B$4*(1-Dashboard!$B$5+Dashboard!$B$6)^18,IF(Dashboard!$B$14="Churned Customers",$B10*(1-(1-Dashboard!$B$5)^18),IF(Dashboard!$B$14="Cumulative Revenue ($)",$B10*Dashboard!$B$4*IF(Dashboard!$B$5=Dashboard!$B$6,19,((1-Dashboard!$B$5+Dashboard!$B$6)^19-1)/(Dashboard!$B$6-Dashboard!$B$5)),IF(Dashboard!$B$14="LTV per Customer ($)",IF($B10>0,Dashboard!$B$4*IF(Dashboard!$B$5=Dashboard!$B$6,19,((1-Dashboard!$B$5+Dashboard!$B$6)^19-1)/(Dashboard!$B$6-Dashboard!$B$5)),0),""))))) -> 0.2708277 | V10: =IF(Dashboard!$B$14="Retention %",(1-Dashboard!$B$5)^19,IF(Dashboard!$B$14="MRR ($)",$B10*Dashboard!$B$4*(1-Dashboard!$B$5+Dashboard!$B$6)^19,IF(Dashboard!$B$14="Churned Customers",$B10*(1-(1-Dashboard!$B$5)^19),IF(Dashboard!$B$14="Cumulative Revenue ($)",$B10*Dashboard!$B$4*IF(Dashboard!$B$5=Dashboard!$B$6,20,((1-Dashboard!$B$5+Dashboard!$B$6)^20-1)/(Dashboard!$B$6-Dashboard!$B$5)),IF(Dashboard!$B$14="LTV per Customer ($)",IF($B10>0,Dashboard!$B$4*IF(Dashboard!$B$5=Dashboard!$B$6,20,((1-Dashboard!$B$5+Dashboard!$B$6)^20-1)/(Dashboard!$B$6-Dashboard!$B$5)),0),""))))) -> 0.25186976 | W10: =IF(Dashboard!$B$14="Retention %",(1-Dashboard!$B$5)^20,IF(Dashboard!$B$14="MRR ($)",$B10*Dashboard!$B$4*(1-Dashboard!$B$5+Dashboard!$B$6)^20,IF(Dashboard!$B$14="Churned Customers",$B10*(1-(1-Dashboard!$B$5)^20),IF(Dashboard!$B$14="Cumulative Revenue ($)",$B10*Dashboard!$B$4*IF(Dashboard!$B$5=Dashboard!$B$6,21,((1-Dashboard!$B$5+Dashboard!$B$6)^21-1)/(Dashboard!$B$6-Dashboard!$B$5)),IF(Dashboard!$B$14="LTV per Customer ($)",IF($B10>0,Dashboard!$B$4*IF(Dashboard!$B$5=Dashboard!$B$6,21,((1-Dashboard!$B$5+Dashboard!$B$6)^21-1)/(Dashboard!$B$6-Dashboard!$B$5)),0),""))))) -> 0.23423887 | X10: =IF(Dashboard!$B$14="Retention %",(1-Dashboard!$B$5)^21,IF(Dashboard!$B$14="MRR ($)",$B10*Dashboard!$B$4*(1-Dashboard!$B$5+Dashboard!$B$6)^21,IF(Dashboard!$B$14="Churned Customers",$B10*(1-(1-Dashboard!$B$5)^21),IF(Dashboard!$B$14="Cumulative Revenue ($)",$B10*Dashboard!$B$4*IF(Dashboard!$B$5=Dashboard!$B$6,22,((1-Dashboard!$B$5+Dashboard!$B$6)^22-1)/(Dashboard!$B$6-Dashboard!$B$5)),IF(Dashboard!$B$14="LTV per Customer ($)",IF($B10>0,Dashboard!$B$4*IF(Dashboard!$B$5=Dashboard!$B$6,22,((1-Dashboard!$B$5+Dashboard!$B$6)^22-1)/(Dashboard!$B$6-Dashboard!$B$5)),0),""))))) -> 0.21784215 | Y10: =IF(Dashboard!$B$14="Retention %",(1-Dashboard!$B$5)^22,IF(Dashboard!$B$14="MRR ($)",$B10*Dashboard!$B$4*(1-Dashboard!$B$5+Dashboard!$B$6)^22,IF(Dashboard!$B$14="Churned Customers",$B10*(1-(1-Dashboard!$B$5)^22),IF(Dashboard!$B$14="Cumulative Revenue ($)",$B10*Dashboard!$B$4*IF(Dashboard!$B$5=Dashboard!$B$6,23,((1-Dashboard!$B$5+Dashboard!$B$6)^23-1)/(Dashboard!$B$6-Dashboard!$B$5)),IF(Dashboard!$B$14="LTV per Customer ($)",IF($B10>0,Dashboard!$B$4*IF(Dashboard!$B$5=Dashboard!$B$6,23,((1-Dashboard!$B$5+Dashboard!$B$6)^23-1)/(Dashboard!$B$6-Dashboard!$B$5)),0),""))))) -> 0.2025932 | Z10: =IF(Dashboard!$B$14="Retention %",(1-Dashboard!$B$5)^23,IF(Dashboard!$B$14="MRR ($)",$B10*Dashboard!$B$4*(1-Dashboard!$B$5+Dashboard!$B$6)^23,IF(Dashboard!$B$14="Churned Customers",$B10*(1-(1-Dashboard!$B$5)^23),IF(Dashboard!$B$14="Cumulative Revenue ($)",$B10*Dashboard!$B$4*IF(Dashboard!$B$5=Dashboard!$B$6,24,((1-Dashboard!$B$5+Dashboard!$B$6)^24-1)/(Dashboard!$B$6-Dashboard!$B$5)),IF(Dashboard!$B$14="LTV per Customer ($)",IF($B10>0,Dashboard!$B$4*IF(Dashboard!$B$5=Dashboard!$B$6,24,((1-Dashboard!$B$5+Dashboard!$B$6)^24-1)/(Dashboard!$B$6-Dashboard!$B$5)),0),""))))) -> 0.18841168 | AA10: =IF(Dashboard!$B$14="Retention %",(1-Dashboard!$B$5)^24,IF(Dashboard!$B$14="MRR ($)",$B10*Dashboard!$B$4*(1-Dashboard!$B$5+Dashboard!$B$6)^24,IF(Dashboard!$B$14="Churned Customers",$B10*(1-(1-Dashboard!$B$5)^24),IF(Dashboard!$B$14="Cumulative Revenue ($)",$B10*Dashboard!$B$4*IF(Dashboard!$B$5=Dashboard!$B$6,25,((1-Dashboard!$B$5+Dashboard!$B$6)^25-1)/(Dashboard!$B$6-Dashboard!$B$5)),IF(Dashboard!$B$14="LTV per Customer ($)",IF($B10>0,Dashboard!$B$4*IF(Dashboard!$B$5=Dashboard!$B$6,25,((1-Dashboard!$B$5+Dashboard!$B$6)^25-1)/(Dashboard!$B$6-Dashboard!$B$5)),0),""))))) -> 0.17522286 | AB10: =IF(Dashboard!$B$14="Retention %",(1-Dashboard!$B$5)^25,IF(Dashboard!$B$14="MRR ($)",$B10*Dashboard!$B$4*(1-Dashboard!$B$5+Dashboard!$B$6)^25,IF(Dashboard!$B$14="Churned Customers",$B10*(1-(1-Dashboard!$B$5)^25),IF(Dashboard!$B$14="Cumulative Revenue ($)",$B10*Dashboard!$B$4*IF(Dashboard!$B$5=Dashboard!$B$6,26,((1-Dashboard!$B$5+Dashboard!$B$6)^26-1)/(Dashboard!$B$6-Dashboard!$B$5)),IF(Dashboard!$B$14="LTV per Customer ($)",IF($B10>0,Dashboard!$B$4*IF(Dashboard!$B$5=Dashboard!$B$6,26,((1-Dashboard!$B$5+Dashboard!$B$6)^26-1)/(Dashboard!$B$6-Dashboard!$B$5)),0),""))))) -> 0.16295726 | AC10: =IF(Dashboard!$B$14="Retention %",(1-Dashboard!$B$5)^26,IF(Dashboard!$B$14="MRR ($)",$B10*Dashboard!$B$4*(1-Dashboard!$B$5+Dashboard!$B$6)^26,IF(Dashboard!$B$14="Churned Customers",$B10*(1-(1-Dashboard!$B$5)^26),IF(Dashboard!$B$14="Cumulative Revenue ($)",$B10*Dashboard!$B$4*IF(Dashboard!$B$5=Dashboard!$B$6,27,((1-Dashboard!$B$5+Dashboard!$B$6)^27-1)/(Dashboard!$B$6-Dashboard!$B$5)),IF(Dashboard!$B$14="LTV per Customer ($)",IF($B10>0,Dashboard!$B$4*IF(Dashboard!$B$5=Dashboard!$B$6,27,((1-Dashboard!$B$5+Dashboard!$B$6)^27-1)/(Dashboard!$B$6-Dashboard!$B$5)),0),""))))) -> 0.15155025 | AD10: =IF(Dashboard!$B$14="Retention %",(1-Dashboard!$B$5)^27,IF(Dashboard!$B$14="MRR ($)",$B10*Dashboard!$B$4*(1-Dashboard!$B$5+Dashboard!$B$6)^27,IF(Dashboard!$B$14="Churned Customers",$B10*(1-(1-Dashboard!$B$5)^27),IF(Dashboard!$B$14="Cumulative Revenue ($)",$B10*Dashboard!$B$4*IF(Dashboard!$B$5=Dashboard!$B$6,28,((1-Dashboard!$B$5+Dashboard!$B$6)^28-1)/(Dashboard!$B$6-Dashboard!$B$5)),IF(Dashboard!$B$14="LTV per Customer ($)",IF($B10>0,Dashboard!$B$4*IF(Dashboard!$B$5=Dashboard!$B$6,28,((1-Dashboard!$B$5+Dashboard!$B$6)^28-1)/(Dashboard!$B$6-Dashboard!$B$5)),0),""))))) -> 0.14094173 | AE10: =IF(Dashboard!$B$14="Retention %",(1-Dashboard!$B$5)^28,IF(Dashboard!$B$14="MRR ($)",$B10*Dashboard!$B$4*(1-Dashboard!$B$5+Dashboard!$B$6)^28,IF(Dashboard!$B$14="Churned Customers",$B10*(1-(1-Dashboard!$B$5)^28),IF(Dashboard!$B$14="Cumulative Revenue ($)",$B10*Dashboard!$B$4*IF(Dashboard!$B$5=Dashboard!$B$6,29,((1-Dashboard!$B$5+Dashboard!$B$6)^29-1)/(Dashboard!$B$6-Dashboard!$B$5)),IF(Dashboard!$B$14="LTV per Customer ($)",IF($B10>0,Dashboard!$B$4*IF(Dashboard!$B$5=Dashboard!$B$6,29,((1-Dashboard!$B$5+Dashboard!$B$6)^29-1)/(Dashboard!$B$6-Dashboard!$B$5)),0),""))))) -> 0.13107581
A11: Sep '23 Cohort | B11: 1 | C11: =IF(Dashboard!$B$14="Retention %",1,IF(Dashboard!$B$14="MRR ($)",$B11*Dashboard!$B$4,IF(Dashboard!$B$14="Churned Customers",0,IF(Dashboard!$B$14="Cumulative Revenue ($)",$B11*Dashboard!$B$4,IF(Dashboard!$B$14="LTV per Customer ($)",IF($B11>0,Dashboard!$B$4,0),""))))) -> 1 | D11: =IF(Dashboard!$B$14="Retention %",(1-Dashboard!$B$5)^1,IF(Dashboard!$B$14="MRR ($)",$B11*Dashboard!$B$4*(1-Dashboard!$B$5+Dashboard!$B$6)^1,IF(Dashboard!$B$14="Churned Customers",$B11*(1-(1-Dashboard!$B$5)^1),IF(Dashboard!$B$14="Cumulative Revenue ($)",$B11*Dashboard!$B$4*IF(Dashboard!$B$5=Dashboard!$B$6,2,((1-Dashboard!$B$5+Dashboard!$B$6)^2-1)/(Dashboard!$B$6-Dashboard!$B$5)),IF(Dashboard!$B$14="LTV per Customer ($)",IF($B11>0,Dashboard!$B$4*IF(Dashboard!$B$5=Dashboard!$B$6,2,((1-Dashboard!$B$5+Dashboard!$B$6)^2-1)/(Dashboard!$B$6-Dashboard!$B$5)),0),""))))) -> 0.93 | E11: =IF(Dashboard!$B$14="Retention %",(1-Dashboard!$B$5)^2,IF(Dashboard!$B$14="MRR ($)",$B11*Dashboard!$B$4*(1-Dashboard!$B$5+Dashboard!$B$6)^2,IF(Dashboard!$B$14="Churned Customers",$B11*(1-(1-Dashboard!$B$5)^2),IF(Dashboard!$B$14="Cumulative Revenue ($)",$B11*Dashboard!$B$4*IF(Dashboard!$B$5=Dashboard!$B$6,3,((1-Dashboard!$B$5+Dashboard!$B$6)^3-1)/(Dashboard!$B$6-Dashboard!$B$5)),IF(Dashboard!$B$14="LTV per Customer ($)",IF($B11>0,Dashboard!$B$4*IF(Dashboard!$B$5=Dashboard!$B$6,3,((1-Dashboard!$B$5+Dashboard!$B$6)^3-1)/(Dashboard!$B$6-Dashboard!$B$5)),0),""))))) -> 0.8649 | F11: =IF(Dashboard!$B$14="Retention %",(1-Dashboard!$B$5)^3,IF(Dashboard!$B$14="MRR ($)",$B11*Dashboard!$B$4*(1-Dashboard!$B$5+Dashboard!$B$6)^3,IF(Dashboard!$B$14="Churned Customers",$B11*(1-(1-Dashboard!$B$5)^3),IF(Dashboard!$B$14="Cumulative Revenue ($)",$B11*Dashboard!$B$4*IF(Dashboard!$B$5=Dashboard!$B$6,4,((1-Dashboard!$B$5+Dashboard!$B$6)^4-1)/(Dashboard!$B$6-Dashboard!$B$5)),IF(Dashboard!$B$14="LTV per Customer ($)",IF($B11>0,Dashboard!$B$4*IF(Dashboard!$B$5=Dashboard!$B$6,4,((1-Dashboard!$B$5+Dashboard!$B$6)^4-1)/(Dashboard!$B$6-Dashboard!$B$5)),0),""))))) -> 0.804357 | G11: =IF(Dashboard!$B$14="Retention %",(1-Dashboard!$B$5)^4,IF(Dashboard!$B$14="MRR ($)",$B11*Dashboard!$B$4*(1-Dashboard!$B$5+Dashboard!$B$6)^4,IF(Dashboard!$B$14="Churned Customers",$B11*(1-(1-Dashboard!$B$5)^4),IF(Dashboard!$B$14="Cumulative Revenue ($)",$B11*Dashboard!$B$4*IF(Dashboard!$B$5=Dashboard!$B$6,5,((1-Dashboard!$B$5+Dashboard!$B$6)^5-1)/(Dashboard!$B$6-Dashboard!$B$5)),IF(Dashboard!$B$14="LTV per Customer ($)",IF($B11>0,Dashboard!$B$4*IF(Dashboard!$B$5=Dashboard!$B$6,5,((1-Dashboard!$B$5+Dashboard!$B$6)^5-1)/(Dashboard!$B$6-Dashboard!$B$5)),0),""))))) -> 0.74805201 | H11: =IF(Dashboard!$B$14="Retention %",(1-Dashboard!$B$5)^5,IF(Dashboard!$B$14="MRR ($)",$B11*Dashboard!$B$4*(1-Dashboard!$B$5+Dashboard!$B$6)^5,IF(Dashboard!$B$14="Churned Customers",$B11*(1-(1-Dashboard!$B$5)^5),IF(Dashboard!$B$14="Cumulative Revenue ($)",$B11*Dashboard!$B$4*IF(Dashboard!$B$5=Dashboard!$B$6,6,((1-Dashboard!$B$5+Dashboard!$B$6)^6-1)/(Dashboard!$B$6-Dashboard!$B$5)),IF(Dashboard!$B$14="LTV per Customer ($)",IF($B11>0,Dashboard!$B$4*IF(Dashboard!$B$5=Dashboard!$B$6,6,((1-Dashboard!$B$5+Dashboard!$B$6)^6-1)/(Dashboard!$B$6-Dashboard!$B$5)),0),""))))) -> 0.69568837 | I11: =IF(Dashboard!$B$14="Retention %",(1-Dashboard!$B$5)^6,IF(Dashboard!$B$14="MRR ($)",$B11*Dashboard!$B$4*(1-Dashboard!$B$5+Dashboard!$B$6)^6,IF(Dashboard!$B$14="Churned Customers",$B11*(1-(1-Dashboard!$B$5)^6),IF(Dashboard!$B$14="Cumulative Revenue ($)",$B11*Dashboard!$B$4*IF(Dashboard!$B$5=Dashboard!$B$6,7,((1-Dashboard!$B$5+Dashboard!$B$6)^7-1)/(Dashboard!$B$6-Dashboard!$B$5)),IF(Dashboard!$B$14="LTV per Customer ($)",IF($B11>0,Dashboard!$B$4*IF(Dashboard!$B$5=Dashboard!$B$6,7,((1-Dashboard!$B$5+Dashboard!$B$6)^7-1)/(Dashboard!$B$6-Dashboard!$B$5)),0),""))))) -> 0.64699018 | J11: =IF(Dashboard!$B$14="Retention %",(1-Dashboard!$B$5)^7,IF(Dashboard!$B$14="MRR ($)",$B11*Dashboard!$B$4*(1-Dashboard!$B$5+Dashboard!$B$6)^7,IF(Dashboard!$B$14="Churned Customers",$B11*(1-(1-Dashboard!$B$5)^7),IF(Dashboard!$B$14="Cumulative Revenue ($)",$B11*Dashboard!$B$4*IF(Dashboard!$B$5=Dashboard!$B$6,8,((1-Dashboard!$B$5+Dashboard!$B$6)^8-1)/(Dashboard!$B$6-Dashboard!$B$5)),IF(Dashboard!$B$14="LTV per Customer ($)",IF($B11>0,Dashboard!$B$4*IF(Dashboard!$B$5=Dashboard!$B$6,8,((1-Dashboard!$B$5+Dashboard!$B$6)^8-1)/(Dashboard!$B$6-Dashboard!$B$5)),0),""))))) -> 0.60170087 | K11: =IF(Dashboard!$B$14="Retention %",(1-Dashboard!$B$5)^8,IF(Dashboard!$B$14="MRR ($)",$B11*Dashboard!$B$4*(1-Dashboard!$B$5+Dashboard!$B$6)^8,IF(Dashboard!$B$14="Churned Customers",$B11*(1-(1-Dashboard!$B$5)^8),IF(Dashboard!$B$14="Cumulative Revenue ($)",$B11*Dashboard!$B$4*IF(Dashboard!$B$5=Dashboard!$B$6,9,((1-Dashboard!$B$5+Dashboard!$B$6)^9-1)/(Dashboard!$B$6-Dashboard!$B$5)),IF(Dashboard!$B$14="LTV per Customer ($)",IF($B11>0,Dashboard!$B$4*IF(Dashboard!$B$5=Dashboard!$B$6,9,((1-Dashboard!$B$5+Dashboard!$B$6)^9-1)/(Dashboard!$B$6-Dashboard!$B$5)),0),""))))) -> 0.55958181 | L11: =IF(Dashboard!$B$14="Retention %",(1-Dashboard!$B$5)^9,IF(Dashboard!$B$14="MRR ($)",$B11*Dashboard!$B$4*(1-Dashboard!$B$5+Dashboard!$B$6)^9,IF(Dashboard!$B$14="Churned Customers",$B11*(1-(1-Dashboard!$B$5)^9),IF(Dashboard!$B$14="Cumulative Revenue ($)",$B11*Dashboard!$B$4*IF(Dashboard!$B$5=Dashboard!$B$6,10,((1-Dashboard!$B$5+Dashboard!$B$6)^10-1)/(Dashboard!$B$6-Dashboard!$B$5)),IF(Dashboard!$B$14="LTV per Customer ($)",IF($B11>0,Dashboard!$B$4*IF(Dashboard!$B$5=Dashboard!$B$6,10,((1-Dashboard!$B$5+Dashboard!$B$6)^10-1)/(Dashboard!$B$6-Dashboard!$B$5)),0),""))))) -> 0.52041108 | M11: =IF(Dashboard!$B$14="Retention %",(1-Dashboard!$B$5)^10,IF(Dashboard!$B$14="MRR ($)",$B11*Dashboard!$B$4*(1-Dashboard!$B$5+Dashboard!$B$6)^10,IF(Dashboard!$B$14="Churned Customers",$B11*(1-(1-Dashboard!$B$5)^10),IF(Dashboard!$B$14="Cumulative Revenue ($)",$B11*Dashboard!$B$4*IF(Dashboard!$B$5=Dashboard!$B$6,11,((1-Dashboard!$B$5+Dashboard!$B$6)^11-1)/(Dashboard!$B$6-Dashboard!$B$5)),IF(Dashboard!$B$14="LTV per Customer ($)",IF($B11>0,Dashboard!$B$4*IF(Dashboard!$B$5=Dashboard!$B$6,11,((1-Dashboard!$B$5+Dashboard!$B$6)^11-1)/(Dashboard!$B$6-Dashboard!$B$5)),0),""))))) -> 0.48398231 | N11: =IF(Dashboard!$B$14="Retention %",(1-Dashboard!$B$5)^11,IF(Dashboard!$B$14="MRR ($)",$B11*Dashboard!$B$4*(1-Dashboard!$B$5+Dashboard!$B$6)^11,IF(Dashboard!$B$14="Churned Customers",$B11*(1-(1-Dashboard!$B$5)^11),IF(Dashboard!$B$14="Cumulative Revenue ($)",$B11*Dashboard!$B$4*IF(Dashboard!$B$5=Dashboard!$B$6,12,((1-Dashboard!$B$5+Dashboard!$B$6)^12-1)/(Dashboard!$B$6-Dashboard!$B$5)),IF(Dashboard!$B$14="LTV per Customer ($)",IF($B11>0,Dashboard!$B$4*IF(Dashboard!$B$5=Dashboard!$B$6,12,((1-Dashboard!$B$5+Dashboard!$B$6)^12-1)/(Dashboard!$B$6-Dashboard!$B$5)),0),""))))) -> 0.45010355 | O11: =IF(Dashboard!$B$14="Retention %",(1-Dashboard!$B$5)^12,IF(Dashboard!$B$14="MRR ($)",$B11*Dashboard!$B$4*(1-Dashboard!$B$5+Dashboard!$B$6)^12,IF(Dashboard!$B$14="Churned Customers",$B11*(1-(1-Dashboard!$B$5)^12),IF(Dashboard!$B$14="Cumulative Revenue ($)",$B11*Dashboard!$B$4*IF(Dashboard!$B$5=Dashboard!$B$6,13,((1-Dashboard!$B$5+Dashboard!$B$6)^13-1)/(Dashboard!$B$6-Dashboard!$B$5)),IF(Dashboard!$B$14="LTV per Customer ($)",IF($B11>0,Dashboard!$B$4*IF(Dashboard!$B$5=Dashboard!$B$6,13,((1-Dashboard!$B$5+Dashboard!$B$6)^13-1)/(Dashboard!$B$6-Dashboard!$B$5)),0),""))))) -> 0.4185963 | P11: =IF(Dashboard!$B$14="Retention %",(1-Dashboard!$B$5)^13,IF(Dashboard!$B$14="MRR ($)",$B11*Dashboard!$B$4*(1-Dashboard!$B$5+Dashboard!$B$6)^13,IF(Dashboard!$B$14="Churned Customers",$B11*(1-(1-Dashboard!$B$5)^13),IF(Dashboard!$B$14="Cumulative Revenue ($)",$B11*Dashboard!$B$4*IF(Dashboard!$B$5=Dashboard!$B$6,14,((1-Dashboard!$B$5+Dashboard!$B$6)^14-1)/(Dashboard!$B$6-Dashboard!$B$5)),IF(Dashboard!$B$14="LTV per Customer ($)",IF($B11>0,Dashboard!$B$4*IF(Dashboard!$B$5=Dashboard!$B$6,14,((1-Dashboard!$B$5+Dashboard!$B$6)^14-1)/(Dashboard!$B$6-Dashboard!$B$5)),0),""))))) -> 0.38929456 | Q11: =IF(Dashboard!$B$14="Retention %",(1-Dashboard!$B$5)^14,IF(Dashboard!$B$14="MRR ($)",$B11*Dashboard!$B$4*(1-Dashboard!$B$5+Dashboard!$B$6)^14,IF(Dashboard!$B$14="Churned Customers",$B11*(1-(1-Dashboard!$B$5)^14),IF(Dashboard!$B$14="Cumulative Revenue ($)",$B11*Dashboard!$B$4*IF(Dashboard!$B$5=Dashboard!$B$6,15,((1-Dashboard!$B$5+Dashboard!$B$6)^15-1)/(Dashboard!$B$6-Dashboard!$B$5)),IF(Dashboard!$B$14="LTV per Customer ($)",IF($B11>0,Dashboard!$B$4*IF(Dashboard!$B$5=Dashboard!$B$6,15,((1-Dashboard!$B$5+Dashboard!$B$6)^15-1)/(Dashboard!$B$6-Dashboard!$B$5)),0),""))))) -> 0.36204394 | R11: =IF(Dashboard!$B$14="Retention %",(1-Dashboard!$B$5)^15,IF(Dashboard!$B$14="MRR ($)",$B11*Dashboard!$B$4*(1-Dashboard!$B$5+Dashboard!$B$6)^15,IF(Dashboard!$B$14="Churned Customers",$B11*(1-(1-Dashboard!$B$5)^15),IF(Dashboard!$B$14="Cumulative Revenue ($)",$B11*Dashboard!$B$4*IF(Dashboard!$B$5=Dashboard!$B$6,16,((1-Dashboard!$B$5+Dashboard!$B$6)^16-1)/(Dashboard!$B$6-Dashboard!$B$5)),IF(Dashboard!$B$14="LTV per Customer ($)",IF($B11>0,Dashboard!$B$4*IF(Dashboard!$B$5=Dashboard!$B$6,16,((1-Dashboard!$B$5+Dashboard!$B$6)^16-1)/(Dashboard!$B$6-Dashboard!$B$5)),0),""))))) -> 0.33670086 | S11: =IF(Dashboard!$B$14="Retention %",(1-Dashboard!$B$5)^16,IF(Dashboard!$B$14="MRR ($)",$B11*Dashboard!$B$4*(1-Dashboard!$B$5+Dashboard!$B$6)^16,IF(Dashboard!$B$14="Churned Customers",$B11*(1-(1-Dashboard!$B$5)^16),IF(Dashboard!$B$14="Cumulative Revenue ($)",$B11*Dashboard!$B$4*IF(Dashboard!$B$5=Dashboard!$B$6,17,((1-Dashboard!$B$5+Dashboard!$B$6)^17-1)/(Dashboard!$B$6-Dashboard!$B$5)),IF(Dashboard!$B$14="LTV per Customer ($)",IF($B11>0,Dashboard!$B$4*IF(Dashboard!$B$5=Dashboard!$B$6,17,((1-Dashboard!$B$5+Dashboard!$B$6)^17-1)/(Dashboard!$B$6-Dashboard!$B$5)),0),""))))) -> 0.3131318 | T11: =IF(Dashboard!$B$14="Retention %",(1-Dashboard!$B$5)^17,IF(Dashboard!$B$14="MRR ($)",$B11*Dashboard!$B$4*(1-Dashboard!$B$5+Dashboard!$B$6)^17,IF(Dashboard!$B$14="Churned Customers",$B11*(1-(1-Dashboard!$B$5)^17),IF(Dashboard!$B$14="Cumulative Revenue ($)",$B11*Dashboard!$B$4*IF(Dashboard!$B$5=Dashboard!$B$6,18,((1-Dashboard!$B$5+Dashboard!$B$6)^18-1)/(Dashboard!$B$6-Dashboard!$B$5)),IF(Dashboard!$B$14="LTV per Customer ($)",IF($B11>0,Dashboard!$B$4*IF(Dashboard!$B$5=Dashboard!$B$6,18,((1-Dashboard!$B$5+Dashboard!$B$6)^18-1)/(Dashboard!$B$6-Dashboard!$B$5)),0),""))))) -> 0.29121258 | U11: =IF(Dashboard!$B$14="Retention %",(1-Dashboard!$B$5)^18,IF(Dashboard!$B$14="MRR ($)",$B11*Dashboard!$B$4*(1-Dashboard!$B$5+Dashboard!$B$6)^18,IF(Dashboard!$B$14="Churned Customers",$B11*(1-(1-Dashboard!$B$5)^18),IF(Dashboard!$B$14="Cumulative Revenue ($)",$B11*Dashboard!$B$4*IF(Dashboard!$B$5=Dashboard!$B$6,19,((1-Dashboard!$B$5+Dashboard!$B$6)^19-1)/(Dashboard!$B$6-Dashboard!$B$5)),IF(Dashboard!$B$14="LTV per Customer ($)",IF($B11>0,Dashboard!$B$4*IF(Dashboard!$B$5=Dashboard!$B$6,19,((1-Dashboard!$B$5+Dashboard!$B$6)^19-1)/(Dashboard!$B$6-Dashboard!$B$5)),0),""))))) -> 0.2708277 | V11: =IF(Dashboard!$B$14="Retention %",(1-Dashboard!$B$5)^19,IF(Dashboard!$B$14="MRR ($)",$B11*Dashboard!$B$4*(1-Dashboard!$B$5+Dashboard!$B$6)^19,IF(Dashboard!$B$14="Churned Customers",$B11*(1-(1-Dashboard!$B$5)^19),IF(Dashboard!$B$14="Cumulative Revenue ($)",$B11*Dashboard!$B$4*IF(Dashboard!$B$5=Dashboard!$B$6,20,((1-Dashboard!$B$5+Dashboard!$B$6)^20-1)/(Dashboard!$B$6-Dashboard!$B$5)),IF(Dashboard!$B$14="LTV per Customer ($)",IF($B11>0,Dashboard!$B$4*IF(Dashboard!$B$5=Dashboard!$B$6,20,((1-Dashboard!$B$5+Dashboard!$B$6)^20-1)/(Dashboard!$B$6-Dashboard!$B$5)),0),""))))) -> 0.25186976 | W11: =IF(Dashboard!$B$14="Retention %",(1-Dashboard!$B$5)^20,IF(Dashboard!$B$14="MRR ($)",$B11*Dashboard!$B$4*(1-Dashboard!$B$5+Dashboard!$B$6)^20,IF(Dashboard!$B$14="Churned Customers",$B11*(1-(1-Dashboard!$B$5)^20),IF(Dashboard!$B$14="Cumulative Revenue ($)",$B11*Dashboard!$B$4*IF(Dashboard!$B$5=Dashboard!$B$6,21,((1-Dashboard!$B$5+Dashboard!$B$6)^21-1)/(Dashboard!$B$6-Dashboard!$B$5)),IF(Dashboard!$B$14="LTV per Customer ($)",IF($B11>0,Dashboard!$B$4*IF(Dashboard!$B$5=Dashboard!$B$6,21,((1-Dashboard!$B$5+Dashboard!$B$6)^21-1)/(Dashboard!$B$6-Dashboard!$B$5)),0),""))))) -> 0.23423887 | X11: =IF(Dashboard!$B$14="Retention %",(1-Dashboard!$B$5)^21,IF(Dashboard!$B$14="MRR ($)",$B11*Dashboard!$B$4*(1-Dashboard!$B$5+Dashboard!$B$6)^21,IF(Dashboard!$B$14="Churned Customers",$B11*(1-(1-Dashboard!$B$5)^21),IF(Dashboard!$B$14="Cumulative Revenue ($)",$B11*Dashboard!$B$4*IF(Dashboard!$B$5=Dashboard!$B$6,22,((1-Dashboard!$B$5+Dashboard!$B$6)^22-1)/(Dashboard!$B$6-Dashboard!$B$5)),IF(Dashboard!$B$14="LTV per Customer ($)",IF($B11>0,Dashboard!$B$4*IF(Dashboard!$B$5=Dashboard!$B$6,22,((1-Dashboard!$B$5+Dashboard!$B$6)^22-1)/(Dashboard!$B$6-Dashboard!$B$5)),0),""))))) -> 0.21784215 | Y11: =IF(Dashboard!$B$14="Retention %",(1-Dashboard!$B$5)^22,IF(Dashboard!$B$14="MRR ($)",$B11*Dashboard!$B$4*(1-Dashboard!$B$5+Dashboard!$B$6)^22,IF(Dashboard!$B$14="Churned Customers",$B11*(1-(1-Dashboard!$B$5)^22),IF(Dashboard!$B$14="Cumulative Revenue ($)",$B11*Dashboard!$B$4*IF(Dashboard!$B$5=Dashboard!$B$6,23,((1-Dashboard!$B$5+Dashboard!$B$6)^23-1)/(Dashboard!$B$6-Dashboard!$B$5)),IF(Dashboard!$B$14="LTV per Customer ($)",IF($B11>0,Dashboard!$B$4*IF(Dashboard!$B$5=Dashboard!$B$6,23,((1-Dashboard!$B$5+Dashboard!$B$6)^23-1)/(Dashboard!$B$6-Dashboard!$B$5)),0),""))))) -> 0.2025932 | Z11: =IF(Dashboard!$B$14="Retention %",(1-Dashboard!$B$5)^23,IF(Dashboard!$B$14="MRR ($)",$B11*Dashboard!$B$4*(1-Dashboard!$B$5+Dashboard!$B$6)^23,IF(Dashboard!$B$14="Churned Customers",$B11*(1-(1-Dashboard!$B$5)^23),IF(Dashboard!$B$14="Cumulative Revenue ($)",$B11*Dashboard!$B$4*IF(Dashboard!$B$5=Dashboard!$B$6,24,((1-Dashboard!$B$5+Dashboard!$B$6)^24-1)/(Dashboard!$B$6-Dashboard!$B$5)),IF(Dashboard!$B$14="LTV per Customer ($)",IF($B11>0,Dashboard!$B$4*IF(Dashboard!$B$5=Dashboard!$B$6,24,((1-Dashboard!$B$5+Dashboard!$B$6)^24-1)/(Dashboard!$B$6-Dashboard!$B$5)),0),""))))) -> 0.18841168 | AA11: =IF(Dashboard!$B$14="Retention %",(1-Dashboard!$B$5)^24,IF(Dashboard!$B$14="MRR ($)",$B11*Dashboard!$B$4*(1-Dashboard!$B$5+Dashboard!$B$6)^24,IF(Dashboard!$B$14="Churned Customers",$B11*(1-(1-Dashboard!$B$5)^24),IF(Dashboard!$B$14="Cumulative Revenue ($)",$B11*Dashboard!$B$4*IF(Dashboard!$B$5=Dashboard!$B$6,25,((1-Dashboard!$B$5+Dashboard!$B$6)^25-1)/(Dashboard!$B$6-Dashboard!$B$5)),IF(Dashboard!$B$14="LTV per Customer ($)",IF($B11>0,Dashboard!$B$4*IF(Dashboard!$B$5=Dashboard!$B$6,25,((1-Dashboard!$B$5+Dashboard!$B$6)^25-1)/(Dashboard!$B$6-Dashboard!$B$5)),0),""))))) -> 0.17522286 | AB11: =IF(Dashboard!$B$14="Retention %",(1-Dashboard!$B$5)^25,IF(Dashboard!$B$14="MRR ($)",$B11*Dashboard!$B$4*(1-Dashboard!$B$5+Dashboard!$B$6)^25,IF(Dashboard!$B$14="Churned Customers",$B11*(1-(1-Dashboard!$B$5)^25),IF(Dashboard!$B$14="Cumulative Revenue ($)",$B11*Dashboard!$B$4*IF(Dashboard!$B$5=Dashboard!$B$6,26,((1-Dashboard!$B$5+Dashboard!$B$6)^26-1)/(Dashboard!$B$6-Dashboard!$B$5)),IF(Dashboard!$B$14="LTV per Customer ($)",IF($B11>0,Dashboard!$B$4*IF(Dashboard!$B$5=Dashboard!$B$6,26,((1-Dashboard!$B$5+Dashboard!$B$6)^26-1)/(Dashboard!$B$6-Dashboard!$B$5)),0),""))))) -> 0.16295726 | AC11: =IF(Dashboard!$B$14="Retention %",(1-Dashboard!$B$5)^26,IF(Dashboard!$B$14="MRR ($)",$B11*Dashboard!$B$4*(1-Dashboard!$B$5+Dashboard!$B$6)^26,IF(Dashboard!$B$14="Churned Customers",$B11*(1-(1-Dashboard!$B$5)^26),IF(Dashboard!$B$14="Cumulative Revenue ($)",$B11*Dashboard!$B$4*IF(Dashboard!$B$5=Dashboard!$B$6,27,((1-Dashboard!$B$5+Dashboard!$B$6)^27-1)/(Dashboard!$B$6-Dashboard!$B$5)),IF(Dashboard!$B$14="LTV per Customer ($)",IF($B11>0,Dashboard!$B$4*IF(Dashboard!$B$5=Dashboard!$B$6,27,((1-Dashboard!$B$5+Dashboard!$B$6)^27-1)/(Dashboard!$B$6-Dashboard!$B$5)),0),""))))) -> 0.15155025 | AD11: =IF(Dashboard!$B$14="Retention %",(1-Dashboard!$B$5)^27,IF(Dashboard!$B$14="MRR ($)",$B11*Dashboard!$B$4*(1-Dashboard!$B$5+Dashboard!$B$6)^27,IF(Dashboard!$B$14="Churned Customers",$B11*(1-(1-Dashboard!$B$5)^27),IF(Dashboard!$B$14="Cumulative Revenue ($)",$B11*Dashboard!$B$4*IF(Dashboard!$B$5=Dashboard!$B$6,28,((1-Dashboard!$B$5+Dashboard!$B$6)^28-1)/(Dashboard!$B$6-Dashboard!$B$5)),IF(Dashboard!$B$14="LTV per Customer ($)",IF($B11>0,Dashboard!$B$4*IF(Dashboard!$B$5=Dashboard!$B$6,28,((1-Dashboard!$B$5+Dashboard!$B$6)^28-1)/(Dashboard!$B$6-Dashboard!$B$5)),0),""))))) -> 0.14094173
A12: Oct '23 Cohort | B12: 2 | C12: =IF(Dashboard!$B$14="Retention %",1,IF(Dashboard!$B$14="MRR ($)",$B12*Dashboard!$B$4,IF(Dashboard!$B$14="Churned Customers",0,IF(Dashboard!$B$14="Cumulative Revenue ($)",$B12*Dashboard!$B$4,IF(Dashboard!$B$14="LTV per Customer ($)",IF($B12>0,Dashboard!$B$4,0),""))))) -> 1 | D12: =IF(Dashboard!$B$14="Retention %",(1-Dashboard!$B$5)^1,IF(Dashboard!$B$14="MRR ($)",$B12*Dashboard!$B$4*(1-Dashboard!$B$5+Dashboard!$B$6)^1,IF(Dashboard!$B$14="Churned Customers",$B12*(1-(1-Dashboard!$B$5)^1),IF(Dashboard!$B$14="Cumulative Revenue ($)",$B12*Dashboard!$B$4*IF(Dashboard!$B$5=Dashboard!$B$6,2,((1-Dashboard!$B$5+Dashboard!$B$6)^2-1)/(Dashboard!$B$6-Dashboard!$B$5)),IF(Dashboard!$B$14="LTV per Customer ($)",IF($B12>0,Dashboard!$B$4*IF(Dashboard!$B$5=Dashboard!$B$6,2,((1-Dashboard!$B$5+Dashboard!$B$6)^2-1)/(Dashboard!$B$6-Dashboard!$B$5)),0),""))))) -> 0.93 | E12: =IF(Dashboard!$B$14="Retention %",(1-Dashboard!$B$5)^2,IF(Dashboard!$B$14="MRR ($)",$B12*Dashboard!$B$4*(1-Dashboard!$B$5+Dashboard!$B$6)^2,IF(Dashboard!$B$14="Churned Customers",$B12*(1-(1-Dashboard!$B$5)^2),IF(Dashboard!$B$14="Cumulative Revenue ($)",$B12*Dashboard!$B$4*IF(Dashboard!$B$5=Dashboard!$B$6,3,((1-Dashboard!$B$5+Dashboard!$B$6)^3-1)/(Dashboard!$B$6-Dashboard!$B$5)),IF(Dashboard!$B$14="LTV per Customer ($)",IF($B12>0,Dashboard!$B$4*IF(Dashboard!$B$5=Dashboard!$B$6,3,((1-Dashboard!$B$5+Dashboard!$B$6)^3-1)/(Dashboard!$B$6-Dashboard!$B$5)),0),""))))) -> 0.8649 | F12: =IF(Dashboard!$B$14="Retention %",(1-Dashboard!$B$5)^3,IF(Dashboard!$B$14="MRR ($)",$B12*Dashboard!$B$4*(1-Dashboard!$B$5+Dashboard!$B$6)^3,IF(Dashboard!$B$14="Churned Customers",$B12*(1-(1-Dashboard!$B$5)^3),IF(Dashboard!$B$14="Cumulative Revenue ($)",$B12*Dashboard!$B$4*IF(Dashboard!$B$5=Dashboard!$B$6,4,((1-Dashboard!$B$5+Dashboard!$B$6)^4-1)/(Dashboard!$B$6-Dashboard!$B$5)),IF(Dashboard!$B$14="LTV per Customer ($)",IF($B12>0,Dashboard!$B$4*IF(Dashboard!$B$5=Dashboard!$B$6,4,((1-Dashboard!$B$5+Dashboard!$B$6)^4-1)/(Dashboard!$B$6-Dashboard!$B$5)),0),""))))) -> 0.804357 | G12: =IF(Dashboard!$B$14="Retention %",(1-Dashboard!$B$5)^4,IF(Dashboard!$B$14="MRR ($)",$B12*Dashboard!$B$4*(1-Dashboard!$B$5+Dashboard!$B$6)^4,IF(Dashboard!$B$14="Churned Customers",$B12*(1-(1-Dashboard!$B$5)^4),IF(Dashboard!$B$14="Cumulative Revenue ($)",$B12*Dashboard!$B$4*IF(Dashboard!$B$5=Dashboard!$B$6,5,((1-Dashboard!$B$5+Dashboard!$B$6)^5-1)/(Dashboard!$B$6-Dashboard!$B$5)),IF(Dashboard!$B$14="LTV per Customer ($)",IF($B12>0,Dashboard!$B$4*IF(Dashboard!$B$5=Dashboard!$B$6,5,((1-Dashboard!$B$5+Dashboard!$B$6)^5-1)/(Dashboard!$B$6-Dashboard!$B$5)),0),""))))) -> 0.74805201 | H12: =IF(Dashboard!$B$14="Retention %",(1-Dashboard!$B$5)^5,IF(Dashboard!$B$14="MRR ($)",$B12*Dashboard!$B$4*(1-Dashboard!$B$5+Dashboard!$B$6)^5,IF(Dashboard!$B$14="Churned Customers",$B12*(1-(1-Dashboard!$B$5)^5),IF(Dashboard!$B$14="Cumulative Revenue ($)",$B12*Dashboard!$B$4*IF(Dashboard!$B$5=Dashboard!$B$6,6,((1-Dashboard!$B$5+Dashboard!$B$6)^6-1)/(Dashboard!$B$6-Dashboard!$B$5)),IF(Dashboard!$B$14="LTV per Customer ($)",IF($B12>0,Dashboard!$B$4*IF(Dashboard!$B$5=Dashboard!$B$6,6,((1-Dashboard!$B$5+Dashboard!$B$6)^6-1)/(Dashboard!$B$6-Dashboard!$B$5)),0),""))))) -> 0.69568837 | I12: =IF(Dashboard!$B$14="Retention %",(1-Dashboard!$B$5)^6,IF(Dashboard!$B$14="MRR ($)",$B12*Dashboard!$B$4*(1-Dashboard!$B$5+Dashboard!$B$6)^6,IF(Dashboard!$B$14="Churned Customers",$B12*(1-(1-Dashboard!$B$5)^6),IF(Dashboard!$B$14="Cumulative Revenue ($)",$B12*Dashboard!$B$4*IF(Dashboard!$B$5=Dashboard!$B$6,7,((1-Dashboard!$B$5+Dashboard!$B$6)^7-1)/(Dashboard!$B$6-Dashboard!$B$5)),IF(Dashboard!$B$14="LTV per Customer ($)",IF($B12>0,Dashboard!$B$4*IF(Dashboard!$B$5=Dashboard!$B$6,7,((1-Dashboard!$B$5+Dashboard!$B$6)^7-1)/(Dashboard!$B$6-Dashboard!$B$5)),0),""))))) -> 0.64699018 | J12: =IF(Dashboard!$B$14="Retention %",(1-Dashboard!$B$5)^7,IF(Dashboard!$B$14="MRR ($)",$B12*Dashboard!$B$4*(1-Dashboard!$B$5+Dashboard!$B$6)^7,IF(Dashboard!$B$14="Churned Customers",$B12*(1-(1-Dashboard!$B$5)^7),IF(Dashboard!$B$14="Cumulative Revenue ($)",$B12*Dashboard!$B$4*IF(Dashboard!$B$5=Dashboard!$B$6,8,((1-Dashboard!$B$5+Dashboard!$B$6)^8-1)/(Dashboard!$B$6-Dashboard!$B$5)),IF(Dashboard!$B$14="LTV per Customer ($)",IF($B12>0,Dashboard!$B$4*IF(Dashboard!$B$5=Dashboard!$B$6,8,((1-Dashboard!$B$5+Dashboard!$B$6)^8-1)/(Dashboard!$B$6-Dashboard!$B$5)),0),""))))) -> 0.60170087 | K12: =IF(Dashboard!$B$14="Retention %",(1-Dashboard!$B$5)^8,IF(Dashboard!$B$14="MRR ($)",$B12*Dashboard!$B$4*(1-Dashboard!$B$5+Dashboard!$B$6)^8,IF(Dashboard!$B$14="Churned Customers",$B12*(1-(1-Dashboard!$B$5)^8),IF(Dashboard!$B$14="Cumulative Revenue ($)",$B12*Dashboard!$B$4*IF(Dashboard!$B$5=Dashboard!$B$6,9,((1-Dashboard!$B$5+Dashboard!$B$6)^9-1)/(Dashboard!$B$6-Dashboard!$B$5)),IF(Dashboard!$B$14="LTV per Customer ($)",IF($B12>0,Dashboard!$B$4*IF(Dashboard!$B$5=Dashboard!$B$6,9,((1-Dashboard!$B$5+Dashboard!$B$6)^9-1)/(Dashboard!$B$6-Dashboard!$B$5)),0),""))))) -> 0.55958181 | L12: =IF(Dashboard!$B$14="Retention %",(1-Dashboard!$B$5)^9,IF(Dashboard!$B$14="MRR ($)",$B12*Dashboard!$B$4*(1-Dashboard!$B$5+Dashboard!$B$6)^9,IF(Dashboard!$B$14="Churned Customers",$B12*(1-(1-Dashboard!$B$5)^9),IF(Dashboard!$B$14="Cumulative Revenue ($)",$B12*Dashboard!$B$4*IF(Dashboard!$B$5=Dashboard!$B$6,10,((1-Dashboard!$B$5+Dashboard!$B$6)^10-1)/(Dashboard!$B$6-Dashboard!$B$5)),IF(Dashboard!$B$14="LTV per Customer ($)",IF($B12>0,Dashboard!$B$4*IF(Dashboard!$B$5=Dashboard!$B$6,10,((1-Dashboard!$B$5+Dashboard!$B$6)^10-1)/(Dashboard!$B$6-Dashboard!$B$5)),0),""))))) -> 0.52041108 | M12: =IF(Dashboard!$B$14="Retention %",(1-Dashboard!$B$5)^10,IF(Dashboard!$B$14="MRR ($)",$B12*Dashboard!$B$4*(1-Dashboard!$B$5+Dashboard!$B$6)^10,IF(Dashboard!$B$14="Churned Customers",$B12*(1-(1-Dashboard!$B$5)^10),IF(Dashboard!$B$14="Cumulative Revenue ($)",$B12*Dashboard!$B$4*IF(Dashboard!$B$5=Dashboard!$B$6,11,((1-Dashboard!$B$5+Dashboard!$B$6)^11-1)/(Dashboard!$B$6-Dashboard!$B$5)),IF(Dashboard!$B$14="LTV per Customer ($)",IF($B12>0,Dashboard!$B$4*IF(Dashboard!$B$5=Dashboard!$B$6,11,((1-Dashboard!$B$5+Dashboard!$B$6)^11-1)/(Dashboard!$B$6-Dashboard!$B$5)),0),""))))) -> 0.48398231 | N12: =IF(Dashboard!$B$14="Retention %",(1-Dashboard!$B$5)^11,IF(Dashboard!$B$14="MRR ($)",$B12*Dashboard!$B$4*(1-Dashboard!$B$5+Dashboard!$B$6)^11,IF(Dashboard!$B$14="Churned Customers",$B12*(1-(1-Dashboard!$B$5)^11),IF(Dashboard!$B$14="Cumulative Revenue ($)",$B12*Dashboard!$B$4*IF(Dashboard!$B$5=Dashboard!$B$6,12,((1-Dashboard!$B$5+Dashboard!$B$6)^12-1)/(Dashboard!$B$6-Dashboard!$B$5)),IF(Dashboard!$B$14="LTV per Customer ($)",IF($B12>0,Dashboard!$B$4*IF(Dashboard!$B$5=Dashboard!$B$6,12,((1-Dashboard!$B$5+Dashboard!$B$6)^12-1)/(Dashboard!$B$6-Dashboard!$B$5)),0),""))))) -> 0.45010355 | O12: =IF(Dashboard!$B$14="Retention %",(1-Dashboard!$B$5)^12,IF(Dashboard!$B$14="MRR ($)",$B12*Dashboard!$B$4*(1-Dashboard!$B$5+Dashboard!$B$6)^12,IF(Dashboard!$B$14="Churned Customers",$B12*(1-(1-Dashboard!$B$5)^12),IF(Dashboard!$B$14="Cumulative Revenue ($)",$B12*Dashboard!$B$4*IF(Dashboard!$B$5=Dashboard!$B$6,13,((1-Dashboard!$B$5+Dashboard!$B$6)^13-1)/(Dashboard!$B$6-Dashboard!$B$5)),IF(Dashboard!$B$14="LTV per Customer ($)",IF($B12>0,Dashboard!$B$4*IF(Dashboard!$B$5=Dashboard!$B$6,13,((1-Dashboard!$B$5+Dashboard!$B$6)^13-1)/(Dashboard!$B$6-Dashboard!$B$5)),0),""))))) -> 0.4185963 | P12: =IF(Dashboard!$B$14="Retention %",(1-Dashboard!$B$5)^13,IF(Dashboard!$B$14="MRR ($)",$B12*Dashboard!$B$4*(1-Dashboard!$B$5+Dashboard!$B$6)^13,IF(Dashboard!$B$14="Churned Customers",$B12*(1-(1-Dashboard!$B$5)^13),IF(Dashboard!$B$14="Cumulative Revenue ($)",$B12*Dashboard!$B$4*IF(Dashboard!$B$5=Dashboard!$B$6,14,((1-Dashboard!$B$5+Dashboard!$B$6)^14-1)/(Dashboard!$B$6-Dashboard!$B$5)),IF(Dashboard!$B$14="LTV per Customer ($)",IF($B12>0,Dashboard!$B$4*IF(Dashboard!$B$5=Dashboard!$B$6,14,((1-Dashboard!$B$5+Dashboard!$B$6)^14-1)/(Dashboard!$B$6-Dashboard!$B$5)),0),""))))) -> 0.38929456 | Q12: =IF(Dashboard!$B$14="Retention %",(1-Dashboard!$B$5)^14,IF(Dashboard!$B$14="MRR ($)",$B12*Dashboard!$B$4*(1-Dashboard!$B$5+Dashboard!$B$6)^14,IF(Dashboard!$B$14="Churned Customers",$B12*(1-(1-Dashboard!$B$5)^14),IF(Dashboard!$B$14="Cumulative Revenue ($)",$B12*Dashboard!$B$4*IF(Dashboard!$B$5=Dashboard!$B$6,15,((1-Dashboard!$B$5+Dashboard!$B$6)^15-1)/(Dashboard!$B$6-Dashboard!$B$5)),IF(Dashboard!$B$14="LTV per Customer ($)",IF($B12>0,Dashboard!$B$4*IF(Dashboard!$B$5=Dashboard!$B$6,15,((1-Dashboard!$B$5+Dashboard!$B$6)^15-1)/(Dashboard!$B$6-Dashboard!$B$5)),0),""))))) -> 0.36204394 | R12: =IF(Dashboard!$B$14="Retention %",(1-Dashboard!$B$5)^15,IF(Dashboard!$B$14="MRR ($)",$B12*Dashboard!$B$4*(1-Dashboard!$B$5+Dashboard!$B$6)^15,IF(Dashboard!$B$14="Churned Customers",$B12*(1-(1-Dashboard!$B$5)^15),IF(Dashboard!$B$14="Cumulative Revenue ($)",$B12*Dashboard!$B$4*IF(Dashboard!$B$5=Dashboard!$B$6,16,((1-Dashboard!$B$5+Dashboard!$B$6)^16-1)/(Dashboard!$B$6-Dashboard!$B$5)),IF(Dashboard!$B$14="LTV per Customer ($)",IF($B12>0,Dashboard!$B$4*IF(Dashboard!$B$5=Dashboard!$B$6,16,((1-Dashboard!$B$5+Dashboard!$B$6)^16-1)/(Dashboard!$B$6-Dashboard!$B$5)),0),""))))) -> 0.33670086 | S12: =IF(Dashboard!$B$14="Retention %",(1-Dashboard!$B$5)^16,IF(Dashboard!$B$14="MRR ($)",$B12*Dashboard!$B$4*(1-Dashboard!$B$5+Dashboard!$B$6)^16,IF(Dashboard!$B$14="Churned Customers",$B12*(1-(1-Dashboard!$B$5)^16),IF(Dashboard!$B$14="Cumulative Revenue ($)",$B12*Dashboard!$B$4*IF(Dashboard!$B$5=Dashboard!$B$6,17,((1-Dashboard!$B$5+Dashboard!$B$6)^17-1)/(Dashboard!$B$6-Dashboard!$B$5)),IF(Dashboard!$B$14="LTV per Customer ($)",IF($B12>0,Dashboard!$B$4*IF(Dashboard!$B$5=Dashboard!$B$6,17,((1-Dashboard!$B$5+Dashboard!$B$6)^17-1)/(Dashboard!$B$6-Dashboard!$B$5)),0),""))))) -> 0.3131318 | T12: =IF(Dashboard!$B$14="Retention %",(1-Dashboard!$B$5)^17,IF(Dashboard!$B$14="MRR ($)",$B12*Dashboard!$B$4*(1-Dashboard!$B$5+Dashboard!$B$6)^17,IF(Dashboard!$B$14="Churned Customers",$B12*(1-(1-Dashboard!$B$5)^17),IF(Dashboard!$B$14="Cumulative Revenue ($)",$B12*Dashboard!$B$4*IF(Dashboard!$B$5=Dashboard!$B$6,18,((1-Dashboard!$B$5+Dashboard!$B$6)^18-1)/(Dashboard!$B$6-Dashboard!$B$5)),IF(Dashboard!$B$14="LTV per Customer ($)",IF($B12>0,Dashboard!$B$4*IF(Dashboard!$B$5=Dashboard!$B$6,18,((1-Dashboard!$B$5+Dashboard!$B$6)^18-1)/(Dashboard!$B$6-Dashboard!$B$5)),0),""))))) -> 0.29121258 | U12: =IF(Dashboard!$B$14="Retention %",(1-Dashboard!$B$5)^18,IF(Dashboard!$B$14="MRR ($)",$B12*Dashboard!$B$4*(1-Dashboard!$B$5+Dashboard!$B$6)^18,IF(Dashboard!$B$14="Churned Customers",$B12*(1-(1-Dashboard!$B$5)^18),IF(Dashboard!$B$14="Cumulative Revenue ($)",$B12*Dashboard!$B$4*IF(Dashboard!$B$5=Dashboard!$B$6,19,((1-Dashboard!$B$5+Dashboard!$B$6)^19-1)/(Dashboard!$B$6-Dashboard!$B$5)),IF(Dashboard!$B$14="LTV per Customer ($)",IF($B12>0,Dashboard!$B$4*IF(Dashboard!$B$5=Dashboard!$B$6,19,((1-Dashboard!$B$5+Dashboard!$B$6)^19-1)/(Dashboard!$B$6-Dashboard!$B$5)),0),""))))) -> 0.2708277 | V12: =IF(Dashboard!$B$14="Retention %",(1-Dashboard!$B$5)^19,IF(Dashboard!$B$14="MRR ($)",$B12*Dashboard!$B$4*(1-Dashboard!$B$5+Dashboard!$B$6)^19,IF(Dashboard!$B$14="Churned Customers",$B12*(1-(1-Dashboard!$B$5)^19),IF(Dashboard!$B$14="Cumulative Revenue ($)",$B12*Dashboard!$B$4*IF(Dashboard!$B$5=Dashboard!$B$6,20,((1-Dashboard!$B$5+Dashboard!$B$6)^20-1)/(Dashboard!$B$6-Dashboard!$B$5)),IF(Dashboard!$B$14="LTV per Customer ($)",IF($B12>0,Dashboard!$B$4*IF(Dashboard!$B$5=Dashboard!$B$6,20,((1-Dashboard!$B$5+Dashboard!$B$6)^20-1)/(Dashboard!$B$6-Dashboard!$B$5)),0),""))))) -> 0.25186976 | W12: =IF(Dashboard!$B$14="Retention %",(1-Dashboard!$B$5)^20,IF(Dashboard!$B$14="MRR ($)",$B12*Dashboard!$B$4*(1-Dashboard!$B$5+Dashboard!$B$6)^20,IF(Dashboard!$B$14="Churned Customers",$B12*(1-(1-Dashboard!$B$5)^20),IF(Dashboard!$B$14="Cumulative Revenue ($)",$B12*Dashboard!$B$4*IF(Dashboard!$B$5=Dashboard!$B$6,21,((1-Dashboard!$B$5+Dashboard!$B$6)^21-1)/(Dashboard!$B$6-Dashboard!$B$5)),IF(Dashboard!$B$14="LTV per Customer ($)",IF($B12>0,Dashboard!$B$4*IF(Dashboard!$B$5=Dashboard!$B$6,21,((1-Dashboard!$B$5+Dashboard!$B$6)^21-1)/(Dashboard!$B$6-Dashboard!$B$5)),0),""))))) -> 0.23423887 | X12: =IF(Dashboard!$B$14="Retention %",(1-Dashboard!$B$5)^21,IF(Dashboard!$B$14="MRR ($)",$B12*Dashboard!$B$4*(1-Dashboard!$B$5+Dashboard!$B$6)^21,IF(Dashboard!$B$14="Churned Customers",$B12*(1-(1-Dashboard!$B$5)^21),IF(Dashboard!$B$14="Cumulative Revenue ($)",$B12*Dashboard!$B$4*IF(Dashboard!$B$5=Dashboard!$B$6,22,((1-Dashboard!$B$5+Dashboard!$B$6)^22-1)/(Dashboard!$B$6-Dashboard!$B$5)),IF(Dashboard!$B$14="LTV per Customer ($)",IF($B12>0,Dashboard!$B$4*IF(Dashboard!$B$5=Dashboard!$B$6,22,((1-Dashboard!$B$5+Dashboard!$B$6)^22-1)/(Dashboard!$B$6-Dashboard!$B$5)),0),""))))) -> 0.21784215 | Y12: =IF(Dashboard!$B$14="Retention %",(1-Dashboard!$B$5)^22,IF(Dashboard!$B$14="MRR ($)",$B12*Dashboard!$B$4*(1-Dashboard!$B$5+Dashboard!$B$6)^22,IF(Dashboard!$B$14="Churned Customers",$B12*(1-(1-Dashboard!$B$5)^22),IF(Dashboard!$B$14="Cumulative Revenue ($)",$B12*Dashboard!$B$4*IF(Dashboard!$B$5=Dashboard!$B$6,23,((1-Dashboard!$B$5+Dashboard!$B$6)^23-1)/(Dashboard!$B$6-Dashboard!$B$5)),IF(Dashboard!$B$14="LTV per Customer ($)",IF($B12>0,Dashboard!$B$4*IF(Dashboard!$B$5=Dashboard!$B$6,23,((1-Dashboard!$B$5+Dashboard!$B$6)^23-1)/(Dashboard!$B$6-Dashboard!$B$5)),0),""))))) -> 0.2025932 | Z12: =IF(Dashboard!$B$14="Retention %",(1-Dashboard!$B$5)^23,IF(Dashboard!$B$14="MRR ($)",$B12*Dashboard!$B$4*(1-Dashboard!$B$5+Dashboard!$B$6)^23,IF(Dashboard!$B$14="Churned Customers",$B12*(1-(1-Dashboard!$B$5)^23),IF(Dashboard!$B$14="Cumulative Revenue ($)",$B12*Dashboard!$B$4*IF(Dashboard!$B$5=Dashboard!$B$6,24,((1-Dashboard!$B$5+Dashboard!$B$6)^24-1)/(Dashboard!$B$6-Dashboard!$B$5)),IF(Dashboard!$B$14="LTV per Customer ($)",IF($B12>0,Dashboard!$B$4*IF(Dashboard!$B$5=Dashboard!$B$6,24,((1-Dashboard!$B$5+Dashboard!$B$6)^24-1)/(Dashboard!$B$6-Dashboard!$B$5)),0),""))))) -> 0.18841168 | AA12: =IF(Dashboard!$B$14="Retention %",(1-Dashboard!$B$5)^24,IF(Dashboard!$B$14="MRR ($)",$B12*Dashboard!$B$4*(1-Dashboard!$B$5+Dashboard!$B$6)^24,IF(Dashboard!$B$14="Churned Customers",$B12*(1-(1-Dashboard!$B$5)^24),IF(Dashboard!$B$14="Cumulative Revenue ($)",$B12*Dashboard!$B$4*IF(Dashboard!$B$5=Dashboard!$B$6,25,((1-Dashboard!$B$5+Dashboard!$B$6)^25-1)/(Dashboard!$B$6-Dashboard!$B$5)),IF(Dashboard!$B$14="LTV per Customer ($)",IF($B12>0,Dashboard!$B$4*IF(Dashboard!$B$5=Dashboard!$B$6,25,((1-Dashboard!$B$5+Dashboard!$B$6)^25-1)/(Dashboard!$B$6-Dashboard!$B$5)),0),""))))) -> 0.17522286 | AB12: =IF(Dashboard!$B$14="Retention %",(1-Dashboard!$B$5)^25,IF(Dashboard!$B$14="MRR ($)",$B12*Dashboard!$B$4*(1-Dashboard!$B$5+Dashboard!$B$6)^25,IF(Dashboard!$B$14="Churned Customers",$B12*(1-(1-Dashboard!$B$5)^25),IF(Dashboard!$B$14="Cumulative Revenue ($)",$B12*Dashboard!$B$4*IF(Dashboard!$B$5=Dashboard!$B$6,26,((1-Dashboard!$B$5+Dashboard!$B$6)^26-1)/(Dashboard!$B$6-Dashboard!$B$5)),IF(Dashboard!$B$14="LTV per Customer ($)",IF($B12>0,Dashboard!$B$4*IF(Dashboard!$B$5=Dashboard!$B$6,26,((1-Dashboard!$B$5+Dashboard!$B$6)^26-1)/(Dashboard!$B$6-Dashboard!$B$5)),0),""))))) -> 0.16295726 | AC12: =IF(Dashboard!$B$14="Retention %",(1-Dashboard!$B$5)^26,IF(Dashboard!$B$14="MRR ($)",$B12*Dashboard!$B$4*(1-Dashboard!$B$5+Dashboard!$B$6)^26,IF(Dashboard!$B$14="Churned Customers",$B12*(1-(1-Dashboard!$B$5)^26),IF(Dashboard!$B$14="Cumulative Revenue ($)",$B12*Dashboard!$B$4*IF(Dashboard!$B$5=Dashboard!$B$6,27,((1-Dashboard!$B$5+Dashboard!$B$6)^27-1)/(Dashboard!$B$6-Dashboard!$B$5)),IF(Dashboard!$B$14="LTV per Customer ($)",IF($B12>0,Dashboard!$B$4*IF(Dashboard!$B$5=Dashboard!$B$6,27,((1-Dashboard!$B$5+Dashboard!$B$6)^27-1)/(Dashboard!$B$6-Dashboard!$B$5)),0),""))))) -> 0.15155025
